,TM1,,,,,,,,,,,,,,,,,,,,,,,,,,,,,,,,,,,,,,,,,,,TM2,,,,,,,,,,,,,,,,,,,,,,,,,,,,,,TM3,,,,,,,,,,,,,,,,,,,,,,,,,,,,,,,,,,,,,,,TM4,,,,,,,,,,,,,,,,,,,,,,,,,,,,,,,,,,,TM5,,,,,,,,,,,,,,,,,,,,,,,,,,,,,,,,,,,,,,,,,,,,,,,,TM6,,,,,,,,,,,,,,,,,,,,,,,,,,,,,,,,,,,,,,,,,,,TM7,,,,,,,,,,,,,,,,,,,,,,,,,,,,,,,,,,,,,,,,,,
,,1.20x20,1.21x21,1.22x22,1.23x23,1.24x24,1.25x25,1.26x26,1.27x27,1.28x28,1.29x29,1.30x30,1.31x31,1.32x32,1.32-33x33,1.33-34x34,1.34-35x35,1.35-36x36,1.36-37x37,1.37-38x38,1.38-39x39,1.39-40x40,1.40-41x41,1.41x411,1.42x42,1.43x43,1.44x44,1.45x45,1.46x46,1.47x47,1.48x48,1.49x49,1.50x50,1.51x51,1.52x52,1.53x53,1.54x54,1.55x55,1.56x56,1.57x57,1.58x58,1.59x59,1.60x60,2.38x38,2.39x39,2.40x40,2.41x41,2.42x42,2.43x43,2.44x44,2.45x45,2.46x46,2.47x47,2.48x48,2.49x49,2.50x50,2.51x51,2.52x52,2.53x53,2.54x54,2.55x55,2.56x551,2.56-57x56,2.57-58x57,2.58-59x58,2.59-60x59,2.60-61x60,2.61-62x61,2.62-63x62,2.63-64x63,2.64-65x64,2.65-66x65,2.66-67x66,3.18x18,3.19x19,3.20x20,3.21x21,3.22x22,3.23x23,3.24x24,3.25x25,3.26x26,3.27x27,3.28x28,3.29x29,3.30x30,3.31x31,3.32x32,3.33x33,3.34x34,3.35x35,3.36x36,3.37x37,3.38x38,3.39x39,3.40x40,3.41x41,3.42x42,3.43x43,3.44x44,3.45x45,3.46x46,3.47x47,3.48x48,3.49x49,3.50x50,3.51x51,3.52x52,3.53x53,3.54x54,3.55x55,3.56x56,4.35x35,4.36x36,4.37x37,4.38x38,4.39x39,4.40x40,4.41x41,4.42x42,4.42-43x43,4.43-44x44,4.44-45x45,4.45-46x46,4.46-47x47,4.47-48x48,4.48-49x49,4.49x491,4.50x50,4.51x51,4.52x52,4.52-53x53,4.53-54x54,4.54-55x55,4.55-56x56,4.56-57x57,4.57-58x58,4.58-59x59,4.59-60x60,4.60-61x61,4.61-62x62,4.62-63x63,4.63-64x64,4.64-65x65,4.65-66x66,4.66-67x67,4.67-68x68,5.31x32,5.32x33,5.33x34,5.34x35,5.35-36x36,5.36-37x37,5.37-38x38,5.38-39x39,5.39-40x40,5.38-39x401,5.40-41x41,5.41-42x42,5.42-43x43,5.43-44x44,5.44-45x45,5.44-45x451,5.45-46x46,5.46x461,5.47x47,5.48x48,5.49x49,5.50x50,5.51x51,5.52x52,5.53x53,5.54x54,5.55x55,5.56x56,5.57x57,5.58x58,5.59x59,5.60x60,5.61x61,5.62x62,5.63x63,5.64x64,5.65x65,5.66x66,5.67x67,5.68x68,5.69x69,5.70x70,5.71x71,5.72x72,5.73x73,5.74x74,5.75x75,5.76x76,6.21x21,6.22x22,6.23x23,6.24x24,6.25x25,6.26x26,6.27x27,6.28x28,6.29x29,6.30x30,6.31x31,6.32x32,6.33x33,6.34x34,6.35x35,6.36x36,6.37x37,6.38x38,6.39x39,6.40x40,6.41x41,6.42x42,6.43x43,6.44x44,6.45x45,6.46x46,6.47x47,6.48x48,6.49x49,6.50x50,6.51x51,6.52x52,6.53x53,6.54x54,6.55x55,6.56x56,6.57x57,6.58x58,6.59x59,6.60x60,6.61x61,6.62x62,6.63x63,7.25x24,7.26x25,7.27x26,7.28x27,7.29x28,7.30x29,7.31x30,7.32x31,7.33x32,7.34x33,7.35x34,7.36x35,7.35-37x36,7.36-38x37,7.37-39x38,7.38-40x39,7.39-41x40,7.40-42x41,7.41-43x42,7.42-44x43,7.43x44,7.44-45x45,7.45-46x46,7.46-47x47,7.47-48x48,7.48-49x49,7.49-50x50,7.50-51x51,7.51-52x52,7.52-53x53,7.53x531,7.54x54,7.55x55,7.56x56,7.57x57,7.58x58,7.59x59,7.60x60,7.61x61,7.62x62,7.63x63,7.64x64,7.65x65,,1.24x24,1.25x25,1.26x26,1.27x27,1.28x28,1.29x29,1.30x30,1.31x31,1.32x32,1.33x33,1.34x34,1.35x35,1.36x36,1.36-37x37,1.37-38x38,1.38-39x39,1.39-40x40,1.40-41x41,1.41-42x42,1.42-43x43,1.43-44x44,1.44-45x45,1.45x451,1.46x46,1.47x47,1.48x48,1.49x49,1.50x50,1.51x51,1.52x52,1.53x53,1.54x54,1.55x55,1.56x56,1.57x57,1.58x58,1.59x59,1.60x60,1.61x61,1.62x62,1.63x63,1.64x64,2.45x45,2.46x46,2.47x47,2.48x48,2.49x49,2.50x50,2.51x51,2.52x52,2.53x53,2.54x54,2.55x55,2.56x56,2.57x57,2.58x58,2.59x59,2.60x60,2.61x61,2.62x62,2.63x621,2.63-64x63,2.64-65x64,2.65-66x65,2.66-67x66,2.67-68x67,2.68-69x68,2.69-70x69,2.70-71x70,2.71-72x71,2.72-73x72,2.73-74x73,3.22x22,3.23x23,3.24x24,3.25x25,3.26x26,3.27x27,3.28x28,3.29x29,3.30x30,3.31x31,3.32x32,3.33x33,3.34x34,3.35x35,3.36x36,3.37x37,3.38x38,3.39x39,3.40x40,3.41x41,3.42x42,3.43x43,3.44x44,3.45x45,3.46x46,3.47x47,3.48x48,3.49x49,3.50x50,3.51x51,3.52x52,3.53x53,3.54x54,3.55x55,3.56x56,3.57x57,3.58x58,3.59x59,3.60x60,4.35x35,4.36x36,4.37x37,4.38x38,4.39x39,4.40x40,4.41x41,4.42x42,4.42-43x43,4.43-44x44,4.44-45x45,4.45-46x46,4.46-47x47,4.47-48x48,4.48-49x49,4.49x491,4.50x50,4.51x51,4.52x52,4.52-53x53,4.53-54x54,4.54-55x55,4.55-56x56,4.56-57x57,4.57-58x58,4.58-59x59,4.59-60x60,4.60-61x61,4.61-62x62,4.62-63x63,4.63-64x64,4.64-65x65,4.65-66x66,4.66-67x67,4.67-68x68,5.27x28,5.28x29,5.29x30,5.30x31,5.31-32x32,5.32-33x33,5.33-34x34,5.34-35x35,5.35-36x36,5.34-35x361,5.36-37x37,5.37-38x38,5.38-39x39,5.39-40x40,5.40-41x41,5.40-41x411,5.41-42x42,5.42x421,5.43x43,5.44x44,5.45x45,5.46x46,5.47x47,5.48x48,5.49x49,5.50x50,5.51x51,5.52x52,5.53x53,5.54x54,5.55x55,5.56x56,5.57x57,5.58x58,5.59x59,5.60x60,5.61x61,5.62x62,5.63x63,5.64x64,5.65x65,5.66x66,5.67x67,5.68x68,5.69x69,5.70x70,5.71x71,5.72x72,6.26x26,6.27x27,6.28x28,6.29x29,6.30x30,6.31x31,6.32x32,6.33x33,6.34x34,6.35x35,6.36x36,6.37x37,6.38x38,6.39x39,6.40x40,6.41x41,6.42x42,6.43x43,6.44x44,6.45x45,6.46x46,6.47x47,6.48x48,6.49x49,6.50x50,6.51x51,6.52x52,6.53x53,6.54x54,6.55x55,6.56x56,6.57x57,6.58x58,6.59x59,6.60x60,6.61x61,6.62x62,6.63x63,6.64x64,6.65x65,6.66x66,6.67x67,6.68x68,7.29x28,7.30x29,7.31x30,7.32x31,7.33x32,7.34x33,7.35x34,7.36x35,7.37x36,7.38x37,7.39x38,7.40x39,7.39-41x40,7.40-42x41,7.41-43x42,7.42-44x43,7.43-45x44,7.44-46x45,7.45-47x46,7.46-48x47,7.47x48,7.48-49x49,7.49-50x50,7.50-51x51,7.51-52x52,7.52-53x53,7.53-54x54,7.54-55x55,7.55-56x56,7.56-57x57,7.57x571,7.58x58,7.59x59,7.60x60,7.61x61,7.62x62,7.63x63,7.64x64,7.65x65,7.66x66,7.67x67,7.68x68,7.69x69,,1.24x24,1.25x25,1.26x26,1.27x27,1.28x28,1.29x29,1.30x30,1.31x31,1.32x32,1.33x33,1.34x34,1.35x35,1.36x36,1.36-37x37,1.37-38x38,1.38-39x39,1.39-40x40,1.40-41x41,1.41-42x42,1.42-43x43,1.43-44x44,1.44-45x45,1.45x451,1.46x46,1.47x47,1.48x48,1.49x49,1.50x50,1.51x51,1.52x52,1.53x53,1.54x54,1.55x55,1.56x56,1.57x57,1.58x58,1.59x59,1.60x60,1.61x61,1.62x62,1.63x63,1.64x64,2.34x34,2.35x35,2.36x36,2.37x37,2.38x38,2.39x39,2.40x40,2.41x41,2.42x42,2.43x43,2.44x44,2.45x45,2.46x46,2.47x47,2.48x48,2.49x49,2.50x50,2.51x51,2.52x511,2.52-53x52,2.53-54x53,2.54-55x54,2.55-56x55,2.56-57x56,2.57-58x57,2.58-59x58,2.59-60x59,2.60-61x60,2.61-62x61,2.62-63x62,3.22x22,3.23x23,3.24x24,3.25x25,3.26x26,3.27x27,3.28x28,3.29x29,3.30x30,3.31x31,3.32x32,3.33x33,3.34x34,3.35x35,3.36x36,3.37x37,3.38x38,3.39x39,3.40x40,3.41x41,3.42x42,3.43x43,3.44x44,3.45x45,3.46x46,3.47x47,3.48x48,3.49x49,3.50x50,3.51x51,3.52x52,3.53x53,3.54x54,3.55x55,3.56x56,3.57x57,3.58x58,3.59x59,3.60x60,4.25x25,4.26x26,4.27x27,4.28x28,4.29x29,4.30x30,4.31x31,4.32x32,4.32-33x33,4.33-34x34,4.34-35x35,4.35-36x36,4.36-37x37,4.37-38x38,4.38-39x39,4.39x391,4.40x40,4.41x41,4.42x42,4.42-43x43,4.43-44x44,4.44-45x45,4.45-46x46,4.46-47x47,4.47-48x48,4.48-49x49,4.49-50x50,4.50-51x51,4.51-52x52,4.52-53x53,4.53-54x54,4.54-55x55,4.55-56x56,4.56-57x57,4.57-58x58,5.31x32,5.32x33,5.33x34,5.34x35,5.35-36x36,5.36-37x37,5.37-38x38,5.38-39x39,5.39-40x40,5.38-39x401,5.40-41x41,5.41-42x42,5.42-43x43,5.43-44x44,5.44-45x45,5.44-45x451,5.45-46x46,5.46x461,5.47x47,5.48x48,5.49x49,5.50x50,5.51x51,5.52x52,5.53x53,5.54x54,5.55x55,5.56x56,5.57x57,5.58x58,5.59x59,5.60x60,5.61x61,5.62x62,5.63x63,5.64x64,5.65x65,5.66x66,5.67x67,5.68x68,5.69x69,5.70x70,5.71x71,5.72x72,5.73x73,5.74x74,5.75x75,5.76x76,6.23x23,6.24x24,6.25x25,6.26x26,6.27x27,6.28x28,6.29x29,6.30x30,6.31x31,6.32x32,6.33x33,6.34x34,6.35x35,6.36x36,6.37x37,6.38x38,6.39x39,6.40x40,6.41x41,6.42x42,6.43x43,6.44x44,6.45x45,6.46x46,6.47x47,6.48x48,6.49x49,6.50x50,6.51x51,6.52x52,6.53x53,6.54x54,6.55x55,6.56x56,6.57x57,6.58x58,6.59x59,6.60x60,6.61x61,6.62x62,6.63x63,6.64x64,6.65x65,7.19x18,7.20x19,7.21x20,7.22x21,7.23x22,7.24x23,7.25x24,7.26x25,7.27x26,7.28x27,7.29x28,7.30x29,7.29-31x30,7.30-32x31,7.31-33x32,7.32-34x33,7.33-35x34,7.34-36x35,7.35-37x36,7.36-38x37,7.37x38,7.38-39x39,7.39-40x40,7.40-41x41,7.41-42x42,7.42-43x43,7.43-44x44,7.44-45x45,7.45-46x46,7.46-47x47,7.47x471,7.48x48,7.49x49,7.50x50,7.51x51,7.52x52,7.53x53,7.54x54,7.55x55,7.56x56,7.57x57,7.58x58,7.59x59
[Human] 5-HT1B receptor,-,-,-,-,-,-,-,-,-,-,L,P,W,K,V,L,L,V,M,L,L,A,L,-,I,T,L,A,T,T,L,S,N,A,F,V,I,A,T,V,Y,R,T,P,A,N,Y,L,I,A,S,L,A,V,T,D,L,L,V,S,I,L,V,M,P,I,S,T,M,Y,T,V,T,-,-,-,-,Q,V,V,C,D,F,W,L,S,S,D,I,T,C,C,T,A,S,I,L,H,L,C,V,I,A,L,D,R,Y,W,A,I,T,D,-,-,-,-,P,K,R,A,A,V,M,I,A,L,V,-,W,V,F,S,I,S,I,S,L,P,P,-,-,-,-,-,-,-,-,-,-,-,-,-,I,L,Y,T,-,V,Y,S,T,V,-,G,A,F,Y,F,P,T,L,L,L,I,A,L,Y,G,R,I,Y,V,E,A,R,S,R,I,L,K,Q,T,P,N,R,-,-,-,K,L,M,A,A,R,E,R,K,A,T,K,T,L,G,I,I,L,G,A,F,I,V,C,W,L,P,F,F,I,I,S,L,V,M,-,-,-,-,-,-,-,-,-,-,-,-,L,A,I,F,D,F,F,T,W,L,G,Y,L,-,N,S,L,I,N,P,I,I,Y,-,T,M,S,N,-,-,-,-,-,-,-,-
[Human] 5-HT2B receptor,-,-,-,-,-,-,-,-,-,-,-,-,-,-,L,H,W,A,A,L,L,I,L,M,V,I,I,P,T,I,G,G,N,T,L,V,I,L,A,V,S,L,E,A,T,N,Y,F,L,M,S,L,A,V,A,D,L,L,V,G,L,F,V,M,P,I,A,L,L,T,I,M,F,-,-,-,P,L,V,L,C,P,A,W,L,F,L,D,V,L,F,S,T,A,S,I,M,H,L,C,A,I,S,V,D,R,Y,I,A,I,K,K,-,-,-,-,R,A,T,A,F,I,K,I,T,V,V,-,W,L,I,S,I,G,I,A,-,I,P,V,P,I,K,-,-,-,-,-,-,-,-,-,G,D,F,M,-,L,F,G,S,L,-,A,A,F,F,T,P,L,A,I,M,I,V,T,Y,F,L,T,I,H,A,L,Q,K,K,A,Y,L,V,K,N,K,P,-,-,-,V,Q,T,I,S,N,E,Q,R,A,S,K,V,L,G,I,V,F,F,L,F,L,L,M,W,C,P,F,F,I,T,N,I,T,L,V,L,C,-,-,-,-,-,Q,T,T,L,Q,M,L,L,E,I,F,V,W,I,G,Y,V,-,S,S,G,V,N,P,L,V,Y,-,T,L,F,N,-,-,-,-,-,-,-,-
[Human] M1 receptor,-,-,-,-,-,-,-,-,-,-,P,W,Q,V,A,F,I,G,I,T,T,G,L,-,L,S,L,A,T,V,T,G,N,L,L,V,L,I,S,F,K,V,N,V,N,N,Y,F,L,L,S,L,A,C,A,D,L,I,I,G,T,F,S,M,N,L,Y,T,T,Y,L,L,M,-,-,-,-,T,L,A,C,D,L,W,L,A,L,D,Y,V,A,S,N,A,S,V,M,N,L,L,L,I,S,F,D,R,Y,F,S,V,T,R,-,-,-,-,P,R,R,A,A,L,M,I,G,L,A,-,W,L,V,S,F,V,L,W,A,P,A,I,L,F,-,-,-,-,-,-,-,-,-,-,-,-,P,I,I,T,F,G,T,A,M,A,A,F,Y,L,P,V,T,V,M,C,T,L,Y,W,R,I,Y,R,E,T,E,N,R,A,R,E,L,A,A,L,-,-,-,-,T,F,S,L,V,K,E,K,K,A,A,R,T,L,S,A,I,L,L,A,F,I,L,T,W,T,P,Y,N,I,M,V,L,V,S,T,F,C,-,-,-,-,-,-,-,-,-,E,T,L,W,E,L,G,Y,W,L,C,Y,V,-,N,S,T,I,N,P,M,C,Y,-,A,L,C,N,-,-,-,-,-,-,-,-
[Human] M2 receptor,-,-,-,-,-,-,-,-,-,K,T,F,E,V,V,F,I,V,L,V,A,G,S,-,L,S,L,V,T,I,I,G,N,I,L,V,M,V,S,I,K,V,N,V,N,N,Y,F,L,F,S,L,A,C,A,D,L,I,I,G,V,F,S,M,N,L,Y,T,L,Y,T,V,I,-,-,-,-,P,V,V,C,D,L,W,L,A,L,D,Y,V,V,S,N,A,S,V,M,N,L,L,I,I,S,F,D,R,Y,F,C,V,T,K,-,-,-,-,T,K,M,A,G,M,M,I,A,A,A,-,W,V,L,S,F,I,L,W,A,P,A,I,L,F,-,-,-,-,-,-,-,-,-,-,A,A,V,T,-,F,G,T,A,I,-,A,A,F,Y,L,P,V,I,I,M,T,V,L,Y,W,H,I,S,R,A,S,K,S,R,I,K,K,D,K,K,E,-,-,-,-,K,P,P,P,S,R,E,K,K,V,T,R,T,I,L,A,I,L,L,A,F,I,I,T,W,A,P,Y,N,V,M,V,L,I,N,T,F,C,-,-,-,-,-,-,-,-,-,N,T,V,W,T,I,G,Y,W,L,C,Y,I,-,N,S,T,I,N,P,A,C,Y,-,A,L,C,N,-,-,-,-,-,-,-,-
[Rat] M3 receptor,-,-,-,-,-,-,-,-,-,-,I,W,Q,V,V,F,I,A,F,L,T,G,F,-,L,A,L,V,T,I,I,G,N,I,L,V,I,V,A,F,K,V,N,V,N,N,Y,F,L,L,S,L,A,C,A,D,L,I,I,G,V,I,S,M,N,L,F,T,T,Y,I,I,M,-,-,-,-,N,L,A,C,D,L,W,L,S,I,D,Y,V,A,S,N,A,S,V,M,N,L,L,V,I,S,F,D,R,Y,F,S,I,T,R,-,-,-,-,T,K,R,A,G,V,M,I,G,L,A,-,W,V,I,S,F,V,L,W,A,P,A,I,L,F,-,-,-,-,-,-,-,-,-,-,P,T,I,T,-,F,G,T,A,I,-,A,A,F,Y,M,P,V,T,I,M,T,I,L,Y,W,R,I,Y,K,E,T,E,K,R,T,K,E,L,A,G,L,-,-,-,-,R,M,S,L,I,K,E,K,K,A,A,Q,T,L,S,A,I,L,L,A,F,I,I,T,W,T,P,Y,N,I,M,V,L,V,N,T,F,C,-,-,-,-,-,-,-,-,-,K,T,Y,W,N,L,G,Y,W,L,C,Y,I,-,N,S,T,V,N,P,V,C,Y,-,A,L,C,N,-,-,-,-,-,-,-,-
[Human] M4 receptor,-,-,-,-,-,-,-,R,Y,E,T,V,E,M,V,F,I,A,T,V,T,G,S,-,L,S,L,V,T,V,V,G,N,I,L,V,M,L,S,I,K,V,N,V,N,N,Y,F,L,F,S,L,A,C,A,D,L,I,I,G,A,F,S,M,N,L,Y,T,V,Y,I,I,K,-,-,-,-,A,V,V,C,D,L,W,L,A,L,D,Y,V,V,S,N,A,S,V,M,N,L,L,I,I,S,F,D,R,Y,F,C,V,T,K,-,-,-,-,T,K,M,A,G,L,M,I,A,A,A,-,W,V,L,S,F,V,L,W,A,P,A,I,L,F,-,-,-,-,-,-,-,-,-,-,P,A,V,T,-,F,G,T,A,I,-,A,A,F,Y,L,P,V,V,I,M,T,V,L,Y,I,H,I,S,L,A,S,R,S,R,V,H,K,H,R,P,E,-,-,-,-,R,Q,M,A,A,R,E,R,K,V,T,R,T,I,F,A,I,L,L,A,F,I,L,T,W,T,P,Y,N,V,M,V,L,V,N,T,F,C,-,-,-,-,-,-,-,-,-,D,T,V,W,S,I,G,Y,W,L,C,Y,V,-,N,S,T,I,N,P,A,C,Y,-,A,L,C,N,-,-,-,-,-,-,-,-
[Common turkey] &amp;beta;1-adrenoceptor,-,-,-,-,-,-,-,-,-,S,Q,Q,W,E,A,G,M,S,L,L,M,A,L,-,V,V,L,L,I,V,A,G,N,V,L,V,I,A,A,I,G,R,T,L,T,N,L,F,I,T,S,L,A,C,A,D,L,V,M,G,L,L,V,V,P,F,G,A,T,L,V,V,R,-,-,-,-,S,F,L,C,E,C,W,T,S,L,D,V,L,C,V,T,A,S,I,E,T,L,C,V,I,A,I,D,R,Y,L,A,I,T,S,-,-,-,-,R,A,R,A,K,V,I,I,C,T,V,-,W,A,I,S,A,L,V,S,F,L,P,I,M,M,-,-,-,-,-,-,-,-,-,-,R,A,Y,A,-,I,A,S,S,I,-,I,S,F,Y,I,P,L,L,I,M,I,F,V,Y,L,R,V,Y,R,E,A,K,E,Q,I,R,K,I,D,R,C,E,-,-,-,R,V,M,A,M,R,E,H,K,A,L,K,T,L,G,I,I,M,G,V,F,T,L,C,W,L,P,F,F,L,V,N,I,V,N,V,F,N,-,-,-,-,-,-,-,-,-,D,W,L,F,V,F,F,N,W,L,G,Y,A,-,N,S,A,F,N,P,I,I,Y,-,C,R,S,-,-,-,-,-,-,-,-,-
[Human] &amp;beta;2-adrenoceptor,-,-,-,-,-,-,-,-,-,D,E,V,W,V,V,G,M,G,I,V,M,S,L,-,I,V,L,A,I,V,F,G,N,V,L,V,I,T,A,I,A,K,F,V,T,N,Y,F,I,T,S,L,A,C,A,D,L,V,M,G,L,A,V,V,P,F,G,A,A,H,I,L,M,-,-,-,-,N,F,W,C,E,F,W,T,S,I,D,V,L,C,V,T,A,S,I,E,T,L,C,V,I,A,V,D,R,Y,F,A,I,T,S,-,-,-,-,K,N,K,A,R,V,I,I,L,M,V,-,W,I,V,S,G,L,T,S,F,L,P,I,Q,M,-,-,-,-,-,-,-,-,-,-,-,A,Y,A,-,I,A,S,S,I,-,V,S,F,Y,V,P,L,V,I,M,V,F,V,Y,S,R,V,F,Q,E,A,K,R,Q,L,Q,K,I,D,K,S,E,-,-,-,S,K,F,C,L,K,E,H,K,A,L,K,T,L,G,I,I,M,G,T,F,T,L,C,W,L,P,F,F,I,V,N,I,V,H,V,I,Q,-,-,-,-,-,-,-,-,R,K,E,V,Y,I,L,L,N,W,I,G,Y,V,-,N,S,G,F,N,P,L,I,Y,-,C,R,S,-,-,-,-,-,-,-,-,-
[Human] D3 receptor,-,-,-,-,-,-,-,-,-,-,A,R,P,H,A,Y,Y,A,L,S,Y,C,A,-,L,I,L,A,I,V,F,G,N,G,L,V,C,M,A,V,L,K,E,T,T,N,Y,L,V,V,S,L,A,V,A,D,L,L,V,A,T,L,V,M,P,W,V,V,Y,L,E,V,T,-,-,-,-,R,I,C,C,D,V,F,V,T,L,D,V,M,M,C,T,A,S,I,L,N,L,C,A,I,S,I,D,R,Y,T,A,V,V,M,-,-,-,-,C,R,R,V,A,L,M,I,T,A,V,-,W,V,L,A,F,A,V,S,-,C,P,L,L,F,-,-,-,-,-,-,-,-,-,-,P,D,F,V,-,I,Y,S,S,V,-,V,S,F,Y,L,P,F,G,V,T,V,L,V,Y,A,R,I,Y,V,V,L,K,Q,R,R,R,K,R,I,L,T,R,-,-,-,R,G,V,P,L,R,E,K,K,A,T,Q,M,V,A,I,V,L,G,A,F,I,V,C,W,L,P,F,F,L,T,H,V,L,N,T,H,-,-,-,-,-,-,-,-,-,-,P,E,L,Y,S,A,T,T,W,L,G,Y,V,-,N,S,A,L,N,P,V,I,Y,-,T,T,F,N,-,-,-,-,-,-,-,-
[Human] H1 receptor,-,-,-,-,-,-,-,-,-,-,S,P,Q,L,M,P,L,V,V,V,L,S,T,-,I,C,L,V,T,V,G,L,N,L,L,V,L,Y,A,V,R,S,E,V,G,N,L,Y,I,V,S,L,S,V,A,D,L,I,V,G,A,V,V,M,P,M,N,I,L,Y,L,L,M,-,-,-,-,R,P,L,C,L,F,W,L,S,M,D,Y,V,A,S,T,A,S,I,F,S,V,F,I,L,C,I,D,R,Y,R,S,V,Q,Q,-,-,-,-,K,T,R,A,S,A,T,I,L,G,A,-,W,F,L,S,F,L,-,W,V,I,P,I,L,G,-,-,-,-,-,-,-,-,-,-,T,W,F,K,-,V,M,T,A,I,-,I,N,F,Y,L,P,T,L,L,M,L,W,F,Y,A,K,I,Y,K,A,V,R,Q,H,C,Q,H,R,E,L,I,N,-,-,-,G,L,H,M,N,R,E,R,K,A,A,K,Q,L,G,F,I,M,A,A,F,I,L,C,W,I,P,Y,F,I,F,F,M,V,I,A,F,C,-,-,-,-,-,-,-,-,-,E,H,L,H,M,F,T,I,W,L,G,Y,I,-,N,S,T,L,N,P,L,I,Y,-,P,L,C,N,-,-,-,-,-,-,-,-
[Human] AT1 receptor,-,-,-,-,-,-,-,-,-,-,-,Y,I,F,V,M,I,P,T,L,Y,S,I,-,I,F,V,V,G,I,F,G,N,S,L,V,V,I,V,I,Y,F,Y,V,A,S,V,F,L,L,N,L,A,L,A,D,L,C,F,L,L,-,T,L,P,L,W,A,V,Y,T,A,M,-,-,-,-,N,Y,L,C,K,I,A,S,A,S,V,S,F,N,L,Y,A,S,V,F,L,L,T,C,L,S,I,D,R,Y,L,A,-,-,-,L,R,R,T,M,L,V,A,K,V,T,C,I,I,I,-,W,L,L,A,G,L,A,-,S,L,P,A,I,I,-,-,-,-,-,-,-,-,L,P,I,G,L,G,-,L,T,K,N,I,-,L,G,F,L,F,P,F,L,I,I,L,T,S,Y,T,L,I,W,K,A,L,K,K,A,-,-,-,-,-,-,-,-,-,-,-,-,-,-,-,-,-,N,D,D,I,F,K,I,I,M,A,I,V,L,F,F,F,F,S,W,I,P,H,Q,I,F,T,F,L,D,V,L,I,Q,L,C,R,I,A,D,I,V,D,T,A,M,P,I,T,I,C,I,A,Y,F,-,N,N,C,L,N,P,L,F,Y,-,G,F,L,-,-,-,-,-,-,-,-,-
[Human] CCR5,-,-,-,-,-,-,-,-,V,K,Q,I,A,A,R,L,L,P,P,L,Y,S,L,-,V,F,I,F,G,F,V,G,N,M,L,V,I,L,I,L,I,N,C,M,T,D,I,Y,L,L,N,L,A,I,S,D,L,F,F,L,L,-,T,V,P,F,W,A,H,Y,A,A,A,-,-,-,-,N,T,M,C,Q,L,L,T,G,L,Y,F,I,G,F,F,S,G,I,F,F,I,I,L,L,T,I,D,R,Y,L,A,V,V,H,-,-,-,T,V,T,F,G,V,V,T,S,V,I,T,-,W,V,V,A,V,F,A,S,-,L,P,G,I,I,F,-,-,-,-,Y,Q,F,W,K,N,F,Q,T,-,L,K,I,V,I,-,L,G,L,V,L,P,L,L,V,M,V,I,C,Y,S,G,I,L,K,T,L,L,R,-,-,-,-,-,-,-,-,-,-,-,-,-,-,-,-,-,K,R,H,R,A,V,R,L,I,F,T,I,M,I,V,Y,F,L,F,W,A,P,Y,N,I,V,L,L,L,N,T,F,-,-,-,-,S,S,S,N,R,L,D,Q,A,M,Q,V,T,E,T,L,G,M,T,-,H,C,C,I,N,P,I,I,Y,-,A,F,V,G,-,-,-,-,-,-,-,-
[Human] CXCR4,-,-,-,-,-,-,-,-,-,-,-,F,N,K,I,F,L,P,T,I,Y,S,I,-,I,F,L,T,G,I,V,G,N,G,L,V,I,L,V,M,G,Y,Q,M,T,D,K,Y,R,L,H,L,S,V,A,D,L,L,F,V,I,-,T,L,P,F,W,A,V,D,A,V,A,-,-,-,-,N,F,L,C,K,A,V,H,V,I,Y,T,V,N,L,Y,S,S,V,L,I,L,A,F,I,S,L,D,R,Y,L,A,I,V,H,-,-,-,-,-,-,-,-,K,V,V,Y,V,G,V,-,W,I,P,A,L,L,L,T,-,I,P,D,F,I,F,-,-,-,-,-,D,L,W,V,V,V,F,Q,-,F,Q,H,I,M,-,V,G,L,I,L,P,G,I,V,I,L,S,C,Y,C,I,I,I,S,K,L,S,H,-,-,-,-,-,-,-,-,-,-,-,-,-,-,-,-,-,-,K,R,K,A,L,K,T,T,V,I,L,I,L,A,F,F,A,C,W,L,P,Y,Y,I,G,I,S,I,D,S,F,I,L,-,-,E,F,E,N,T,V,H,K,W,I,S,I,T,E,A,L,A,F,F,-,H,C,C,L,N,P,I,L,Y,-,A,F,L,G,-,-,-,-,-,-,-,-
[Human] FFA1 receptor,-,-,-,-,-,-,-,-,-,-,-,-,-,-,Q,L,S,F,G,L,Y,V,A,-,A,F,A,L,G,F,P,L,N,V,L,A,I,R,G,A,T,A,H,P,S,L,V,Y,A,L,N,L,G,C,S,D,L,L,L,T,V,-,S,L,P,L,K,A,V,E,A,L,A,-,-,-,-,A,S,L,C,P,V,F,A,V,A,H,F,F,P,L,Y,A,G,G,G,F,L,A,A,L,S,A,G,R,Y,L,G,A,A,F,-,-,-,-,P,C,Y,S,W,G,V,C,A,A,I,-,W,A,L,V,L,C,H,L,G,L,V,F,G,L,-,-,-,-,-,-,P,A,S,A,G,P,A,R,-,F,S,L,S,L,-,L,L,F,F,L,P,L,A,I,T,A,F,C,Y,V,G,C,L,R,A,L,A,R,S,-,-,-,-,-,-,-,-,-,-,-,-,-,-,-,-,-,-,-,-,-,-,-,-,-,-,-,-,-,-,-,-,-,-,-,-,-,-,-,-,-,-,-,-,-,-,-,-,-,-,-,-,-,-,-,-,-,-,-,-,-,-,-,-,-,-,-,-,-,-,-,-,-,-,-,-,-,-,-,-,-,-,-,-,-,-,-,-,-,-,-,-,-,-
[Human] A2A receptor,-,-,-,-,-,-,-,-,-,P,I,M,G,S,S,V,Y,I,T,V,E,L,A,-,I,A,V,L,A,I,L,G,N,V,L,V,C,W,A,V,W,L,N,V,T,N,Y,F,V,V,S,L,A,A,A,D,I,A,V,G,V,L,A,I,P,F,A,I,T,I,S,T,-,-,-,-,-,C,H,G,C,L,F,I,A,C,F,V,L,V,L,T,Q,S,S,I,F,S,L,L,A,I,A,I,D,R,Y,I,A,I,R,I,-,-,-,-,G,T,R,A,K,G,I,I,A,I,C,-,W,V,L,S,F,A,I,G,L,T,P,M,L,-,-,-,-,-,-,-,-,-,-,-,M,N,Y,M,V,Y,F,N,F,F,A,C,-,V,L,V,P,L,L,L,M,L,G,V,Y,L,R,I,F,L,A,A,R,R,Q,L,K,Q,M,E,S,-,-,E,R,A,R,S,T,L,Q,K,E,V,H,A,A,K,S,L,A,I,I,V,G,L,F,A,L,C,W,L,P,L,H,I,I,N,C,F,T,F,F,C,-,-,-,-,-,-,-,-,-,L,W,L,M,Y,L,A,I,V,L,S,H,T,-,N,S,V,V,N,P,F,I,Y,-,A,Y,R,I,-,-,-,-,-,-,-,-
[Human] CRF1 receptor,-,-,-,-,-,-,-,-,-,-,-,-,-,-,H,V,A,V,I,I,N,Y,L,-,G,H,C,I,S,L,V,A,L,L,V,A,F,V,L,F,L,R,L,L,R,N,I,I,H,W,N,L,I,S,A,F,I,L,R,N,A,-,T,W,F,V,V,Q,L,T,M,-,-,-,-,-,-,-,G,W,C,R,L,V,T,A,A,Y,N,Y,F,H,V,T,N,F,F,W,M,F,G,E,G,C,Y,L,H,T,A,I,V,L,-,-,-,-,-,-,-,-,K,W,M,F,I,C,I,G,W,G,-,V,P,F,P,I,I,V,A,W,A,I,G,K,L,Y,Y,-,-,-,-,-,-,-,T,D,-,Y,I,Y,Q,G,-,P,-,M,I,L,V,L,L,I,N,F,I,F,L,F,N,I,V,R,I,L,M,T,K,L,-,-,-,-,-,-,-,-,-,-,-,S,E,T,I,Q,Y,R,K,A,V,K,A,T,L,V,L,L,P,L,L,G,I,T,Y,M,L,F,F,V,-,-,-,-,-,-,-,-,-,-,-,-,-,-,V,S,R,V,V,F,I,Y,F,N,S,F,L,E,S,F,-,Q,G,F,F,V,S,V,F,Y,-,C,F,L,N,-,-,-,-,-,-,-,-
[Human] glucagon receptor,G,E,E,I,E,V,Q,K,E,V,A,K,M,Y,S,S,F,Q,V,M,Y,T,V,-,G,Y,S,L,S,L,G,A,L,L,L,A,L,A,I,L,G,G,L,T,R,N,A,I,H,A,N,L,F,A,S,F,V,L,K,A,S,-,S,V,L,V,I,D,G,L,L,-,-,S,D,G,A,V,A,G,C,R,V,A,A,V,F,M,Q,Y,G,I,V,A,N,Y,C,W,L,L,V,E,G,L,Y,L,H,N,L,L,G,L,-,-,-,-,-,-,-,-,S,L,Y,L,G,I,G,-,W,G,A,P,M,L,F,V,V,P,W,A,V,V,K,C,L,F,E,-,-,-,-,N,M,G,F,W,-,W,I,L,R,F,-,P,-,V,F,L,A,I,L,I,N,F,F,I,F,V,R,I,V,Q,L,L,V,A,K,L,R,A,-,-,-,-,-,-,-,-,-,-,-,-,-,Y,K,F,R,L,A,K,S,T,L,T,L,I,P,L,L,G,V,H,E,V,V,F,A,F,-,-,-,-,-,-,-,-,-,-,-,-,-,G,T,L,R,S,A,K,L,F,F,D,L,F,L,S,S,F,-,Q,G,L,L,V,A,V,L,Y,-,C,F,L,N,-,-,-,-,-,-,-,-
[Human] mGlu1 receptor,-,-,-,-,-,-,-,-,-,-,-,-,-,-,-,I,E,S,I,I,A,I,A,-,F,S,C,L,G,I,L,V,T,L,F,V,T,L,I,F,V,L,Y,-,S,R,E,L,C,Y,I,I,L,A,G,I,F,L,G,Y,V,-,C,P,F,T,L,-,-,-,-,-,-,-,-,-,-,T,T,S,C,Y,L,Q,R,L,L,V,G,L,S,S,A,M,C,Y,S,A,L,V,T,K,T,N,R,I,A,R,I,L,-,-,-,-,-,-,A,W,A,Q,V,I,I,A,S,I,L,-,I,S,V,Q,L,T,L,V,V,T,L,I,I,M,E,-,-,-,-,-,-,-,-,-,N,L,G,V,-,V,A,P,L,G,-,Y,-,N,G,L,L,I,M,S,C,T,Y,Y,A,F,K,T,-,-,-,-,-,-,-,-,-,-,-,-,-,-,-,-,-,-,-,-,-,-,-,-,-,-,-,E,A,K,Y,I,A,F,T,M,Y,T,T,C,I,I,W,L,A,F,V,P,I,Y,F,G,-,-,-,-,-,-,-,-,-,-,-,-,-,-,-,-,-,-,I,I,T,T,C,F,A,V,S,L,S,V,T,V,A,L,G,C,M,F,T,P,K,M,Y,I,I,I,A,K,P
[Human] mGlu5 receptor,-,-,-,-,-,-,-,-,-,-,-,-,-,-,-,P,E,P,I,A,A,V,V,-,F,A,C,L,G,L,L,A,T,L,F,V,T,V,V,F,I,I,Y,-,S,R,E,L,C,Y,I,I,L,A,G,I,C,L,G,Y,L,-,C,T,F,C,L,-,-,-,-,-,-,-,-,-,-,Q,I,Y,C,Y,L,Q,R,I,G,I,G,L,S,P,A,M,S,Y,S,A,L,V,T,K,T,N,R,I,A,R,I,L,-,-,-,-,-,-,A,C,A,Q,L,V,I,A,F,I,L,-,I,C,I,Q,L,G,I,I,V,A,L,F,I,M,E,-,-,-,-,-,-,-,-,-,N,L,G,V,-,V,T,P,L,G,-,Y,-,N,G,L,L,I,L,S,C,T,F,Y,A,F,K,T,-,-,-,-,-,-,-,-,-,-,-,-,-,-,-,-,-,-,-,-,-,-,-,-,-,-,-,E,A,K,Y,I,A,F,T,M,Y,T,T,C,I,I,W,L,A,F,V,P,I,Y,F,G,-,-,-,-,-,-,-,-,-,-,-,-,-,-,-,-,-,-,I,I,T,M,C,F,S,V,S,L,S,A,T,V,A,L,G,C,M,F,V,P,K,V,Y,I,I,L,A,K,P
CONSENSUS,+,+,+,V,V,F,I,+,I,L,Y,S,L,I,+,L,L,T,I,+,G,N,L,L,V,I,L,A,+,K,V,N,M,K,+,+,G,E,E,I,E,V,Q,V,T,N,Y,F,L,L,S,L,A,C,A,D,L,L,V,G,L,+,+,M,P,L,+,A,+,Y,I,V,M,N,V,L,C,D,L,W,L,+,L,D,Y,V,+,S,T,A,S,I,+,N,L,L,V,I,S,I,D,R,Y,+,A,I,T,K,+,S,D,G,+,K,R,A,K,V,M,I,A,I,V,W,V,L,S,F,L,L,+,+,P,P,I,L,+,+,L,R,R,T,G,+,L,+,+,+,A,F,T,F,+,+,S,I,A,A,F,Y,L,P,L,L,I,M,T,F,L,Y,F,R,I,Y,R,A,L,K,R,R,L,R,K,+,+,+,+,+,+,+,W,+,Y,+,+,R,+,M,+,+,R,E,R,K,A,A,K,T,L,G,I,I,L,L,A,F,I,L,C,W,L,P,F,F,I,+,+,L,V,N,T,F,C,+,L,E,R,A,D,T,L,W,S,I,T,+,W,L,G,Y,V,N,S,T,+,N,P,L,I,Y,A,L,C,N,+,+,T,R,C,+,+,S,M,+,Y,I,I,+,A,K,P