,TM1,,,,,,,,,,,,,,,,,,,,,,,,,,,,,,,,,,,,,,,,,,,,,,,TM2,,,,,,,,,,,,,,,,,,,,,,,,,,,,,,,,,,,,,TM3,,,,,,,,,,,,,,,,,,,,,,,,,,,,,,,,,,,,,,,,,,TM4,,,,,,,,,,,,,,,,,,,,,,,,,,,,,,,,,TM5,,,,,,,,,,,,,,,,,,,,,,,,,,,,,,,,,,,,,,,,,,,,,,,,,,,TM6,,,,,,,,,,,,,,,,,,,,,,,,,,,,,,,,,,,,,,,,,,,,,,,,,,,,,,,,,,,,,,TM7,,,,,,,,,,,,,,,,,,,,,,,,,,,,,,,,,,,,,,,,
,1.19x19,1.20x20,1.21x21,1.22x22,1.23x23,1.24x24,1.25x25,1.26x26,1.27x27,1.28x28,1.29x29,1.30x30,1.31x31,1.32x32,1.32-33x33,1.33-34x34,1.34-35x35,1.35-36x36,1.36-37x37,1.37-38x38,1.38-39x39,1.39-40x40,1.40-41x41,1.41x411,1.42x42,1.43x43,1.44x44,1.45x45,1.46x46,1.47x47,1.48x48,1.49x49,1.50x50,1.51x51,1.52x52,1.53x53,1.54x54,1.55x55,1.56x56,1.57x57,1.58x58,1.59x59,1.60x60,1.61x61,1.62x62,1.63x63,1.64x64,2.34x34,2.35x35,2.36x36,2.37x37,2.38x38,2.39x39,2.40x40,2.41x41,2.42x42,2.43x43,2.44x44,2.45x45,2.46x46,2.47x47,2.48x48,2.49x49,2.50x50,2.51x51,2.52x52,2.53x53,2.54x54,2.55x55,2.56x551,2.56-57x56,2.57-58x57,2.58-59x58,2.59-60x59,2.60-61x60,2.61-62x61,2.62-63x62,2.63-64x63,2.64-65x64,2.65-66x65,2.66-67x66,2.67-68x67,2.68x68,2.69x69,3.18x18,3.19x19,3.20x20,3.21x21,3.22x22,3.23x23,3.24x24,3.25x25,3.26x26,3.27x27,3.28x28,3.29x29,3.30x30,3.31x31,3.32x32,3.33x33,3.34x34,3.35x35,3.36x36,3.37x37,3.38x38,3.39x39,3.40x40,3.41x41,3.42x42,3.43x43,3.44x44,3.45x45,3.46x46,3.47x47,3.48x48,3.49x49,3.50x50,3.51x51,3.52x52,3.53x53,3.54x54,3.55x55,3.56x56,3.57x57,3.58x58,3.59x59,4.38x38,4.39x39,4.40x40,4.40-41x41,4.41-42x42,4.42-43x43,4.43-44x44,4.44-45x45,4.45-46x46,4.46-47x47,4.47-48x48,4.48-49x49,4.49x491,4.50x50,4.51x51,4.52x52,4.52-53x53,4.53-54x54,4.54-55x55,4.55-56x56,4.56-57x57,4.57-58x58,4.58-59x59,4.59-60x60,4.60-61x61,4.61-62x62,4.62-63x63,4.63-64x64,4.64-65x65,4.65-66x66,4.66-67x67,4.67-68x68,4.68-69x69,5.29-30x30,5.30-31x31,5.31-32x32,5.32-33x33,5.33-34x34,5.34-35x35,5.34-35x36,5.36-37x37,5.37-38x38,5.38-39x39,5.39-40x40,5.40-41x41,5.40x411,5.41-42x42,5.42x421,5.42-43x43,5.43-44x44,5.44-45x45,5.45-46x46,5.46x461,5.47x47,5.48x48,5.49x49,5.50x50,5.51x51,5.52x52,5.53x53,5.54x54,5.55x55,5.56x56,5.57x57,5.58x58,5.59x59,5.60x60,5.61x61,5.62x62,5.63x63,5.64x64,5.65x65,5.66x66,5.67x67,5.68x68,5.69x69,5.70x70,5.71x71,5.72x72,5.73x73,5.74x74,5.75x75,5.76x76,5.77x77,6.18x18,6.19x19,6.20x20,6.21x21,6.22x22,6.23x23,6.24x24,6.25x25,6.26x26,6.26-27x27,6.27-28x28,6.28-29x29,6.29-30x30,6.30-31x31,6.31-32x32,6.32-33x33,6.33-34x34,6.34-35x35,6.35-36x36,6.36-37x37,6.37-38x38,6.38-39x39,6.39-40x40,6.40-41x41,6.41-42x42,6.42-43x43,6.43-44x44,6.44-45x45,6.45-46x46,6.46x461,6.47x47,6.48x48,6.49x49,6.50x50,6.51x51,6.52x52,6.53x53,6.54x54,6.55x55,6.56x56,6.57x57,6.58x58,6.59x59,6.60x60,6.61x61,6.62x62,6.63x63,6.64x64,6.65x65,6.66x66,6.67x67,6.68x68,6.69x69,6.70x70,6.71x71,6.72x72,6.73x73,6.74x74,6.75x75,6.76x76,6.77x77,6.78x78,7.24x23,7.25x24,7.26x25,7.27x26,7.28x27,7.29x28,7.30x29,7.31x30,7.32x31,7.33x32,7.34x33,7.34-35x34,7.35-36x35,7.36-37x36,7.37-38x37,7.38-39x38,7.39-40x39,7.40-41x40,7.41-42x41,7.42-43x42,7.43-44x43,7.44x44,7.45x45,7.46x46,7.47x47,7.48x48,7.49x49,7.50x50,7.51x51,7.52x52,7.53x521,7.53-54x53,7.54-55x54,7.55-56x55,7.56-57x56,7.57-58x57,7.59x58,7.60x59,7.61x60,7.62x61,7.63x62,1.23x23,1.24x24,1.25x25,1.26x26,1.27x27,1.28x28,1.29x29,1.30x30,1.31x31,1.32x32,1.33x33,1.34x34,1.35x35,1.36x36,1.36-37x37,1.37-38x38,1.38-39x39,1.39-40x40,1.40-41x41,1.41-42x42,1.42-43x43,1.43-44x44,1.44-45x45,1.45x451,1.46x46,1.47x47,1.48x48,1.49x49,1.50x50,1.51x51,1.52x52,1.53x53,1.54x54,1.55x55,1.56x56,1.57x57,1.58x58,1.59x59,1.60x60,1.61x61,1.62x62,1.63x63,1.64x64,1.65x65,1.66x66,1.67x67,1.68x68,2.41x41,2.42x42,2.43x43,2.44x44,2.45x45,2.46x46,2.47x47,2.48x48,2.49x49,2.50x50,2.51x51,2.52x52,2.53x53,2.54x54,2.55x55,2.56x56,2.57x57,2.58x58,2.59x59,2.60x60,2.61x61,2.62x62,2.63x621,2.63-64x63,2.64-65x64,2.65-66x65,2.66-67x66,2.67-68x67,2.68-69x68,2.69-70x69,2.70-71x70,2.71-72x71,2.72-73x72,2.73-74x73,2.74-75x74,2.75x75,2.76x76,3.22x22,3.23x23,3.24x24,3.25x25,3.26x26,3.27x27,3.28x28,3.29x29,3.30x30,3.31x31,3.32x32,3.33x33,3.34x34,3.35x35,3.36x36,3.37x37,3.38x38,3.39x39,3.40x40,3.41x41,3.42x42,3.43x43,3.44x44,3.45x45,3.46x46,3.47x47,3.48x48,3.49x49,3.50x50,3.51x51,3.52x52,3.53x53,3.54x54,3.55x55,3.56x56,3.57x57,3.58x58,3.59x59,3.60x60,3.61x61,3.62x62,3.63x63,4.38x38,4.39x39,4.40x40,4.40-41x41,4.41-42x42,4.42-43x43,4.43-44x44,4.44-45x45,4.45-46x46,4.46-47x47,4.47-48x48,4.48-49x49,4.49x491,4.50x50,4.51x51,4.52x52,4.52-53x53,4.53-54x54,4.54-55x55,4.55-56x56,4.56-57x57,4.57-58x58,4.58-59x59,4.59-60x60,4.60-61x61,4.61-62x62,4.62-63x63,4.63-64x64,4.64-65x65,4.65-66x66,4.66-67x67,4.67-68x68,4.68-69x69,5.25-26x26,5.26-27x27,5.27-28x28,5.28-29x29,5.29-30x30,5.30-31x31,5.31-32x32,5.32-33x33,5.33-34x34,5.34-35x35,5.35-36x36,5.36-37x37,5.36x371,5.37-38x38,5.38x381,5.38-39x39,5.39-40x40,5.40-41x41,5.41-42x42,5.42x421,5.43x43,5.44x44,5.45x45,5.46x46,5.47x47,5.48x48,5.49x49,5.50x50,5.51x51,5.52x52,5.53x53,5.54x54,5.55x55,5.56x56,5.57x57,5.58x58,5.59x59,5.60x60,5.61x61,5.62x62,5.63x63,5.64x64,5.65x65,5.66x66,5.67x67,5.68x68,5.69x69,5.70x70,5.71x71,5.72x72,5.73x73,6.23x23,6.24x24,6.25x25,6.26x26,6.27x27,6.28x28,6.29x29,6.30x30,6.31x31,6.31-32x32,6.32-33x33,6.33-34x34,6.34-35x35,6.35-36x36,6.36-37x37,6.37-38x38,6.38-39x39,6.39-40x40,6.40-41x41,6.41-42x42,6.42-43x43,6.43-44x44,6.44-45x45,6.45-46x46,6.46-47x47,6.47-48x48,6.48-49x49,6.49-50x50,6.50-51x51,6.51x501,6.52x52,6.53x53,6.54x54,6.55x55,6.56x56,6.57x57,6.58x58,6.59x59,6.60x60,6.61x61,6.62x62,6.63x63,6.64x64,6.65x65,6.66x66,6.67x67,6.68x68,6.69x69,6.70x70,6.71x71,6.72x72,6.73x73,6.74x74,6.75x75,6.76x76,6.77x77,6.78x78,6.79x79,6.80x80,6.81x81,6.82x82,6.83x83,7.28x27,7.29x28,7.30x29,7.31x30,7.32x31,7.33x32,7.34x33,7.35x34,7.36x35,7.37x36,7.38x37,7.38-39x38,7.39-40x39,7.40-41x40,7.41-42x41,7.42-43x42,7.43-44x43,7.44-45x44,7.45-46x45,7.46-47x46,7.47-48x47,7.48x48,7.49x49,7.50x50,7.51x51,7.52x52,7.53x53,7.54x54,7.55x55,7.56x56,7.57x561,7.57-58x57,7.58-59x58,7.59-60x59,7.60-61x60,7.61-62x61,7.63x62,7.64x63,7.65x64,7.66x65,7.67x66,1.23x23,1.24x24,1.25x25,1.26x26,1.27x27,1.28x28,1.29x29,1.30x30,1.31x31,1.32x32,1.33x33,1.34x34,1.35x35,1.36x36,1.36-37x37,1.37-38x38,1.38-39x39,1.39-40x40,1.40-41x41,1.41-42x42,1.42-43x43,1.43-44x44,1.44-45x45,1.45x451,1.46x46,1.47x47,1.48x48,1.49x49,1.50x50,1.51x51,1.52x52,1.53x53,1.54x54,1.55x55,1.56x56,1.57x57,1.58x58,1.59x59,1.60x60,1.61x61,1.62x62,1.63x63,1.64x64,1.65x65,1.66x66,1.67x67,1.68x68,2.30x30,2.31x31,2.32x32,2.33x33,2.34x34,2.35x35,2.36x36,2.37x37,2.38x38,2.39x39,2.40x40,2.41x41,2.42x42,2.43x43,2.44x44,2.45x45,2.46x46,2.47x47,2.48x48,2.49x49,2.50x50,2.51x51,2.52x511,2.52-53x52,2.53-54x53,2.54-55x54,2.55-56x55,2.56-57x56,2.57-58x57,2.58-59x58,2.59-60x59,2.60-61x60,2.61-62x61,2.62-63x62,2.63-64x63,2.64x64,2.65x65,3.22x22,3.23x23,3.24x24,3.25x25,3.26x26,3.27x27,3.28x28,3.29x29,3.30x30,3.31x31,3.32x32,3.33x33,3.34x34,3.35x35,3.36x36,3.37x37,3.38x38,3.39x39,3.40x40,3.41x41,3.42x42,3.43x43,3.44x44,3.45x45,3.46x46,3.47x47,3.48x48,3.49x49,3.50x50,3.51x51,3.52x52,3.53x53,3.54x54,3.55x55,3.56x56,3.57x57,3.58x58,3.59x59,3.60x60,3.61x61,3.62x62,3.63x63,4.28x28,4.29x29,4.30x30,4.30-31x31,4.31-32x32,4.32-33x33,4.33-34x34,4.34-35x35,4.35-36x36,4.36-37x37,4.37-38x38,4.38-39x39,4.39x39,4.40x40,4.41x41,4.42x42,4.42-43x43,4.43-44x44,4.44-45x45,4.45-46x46,4.46-47x47,4.47-48x48,4.48-49x49,4.49-50x50,4.50-51x51,4.51-52x52,4.52-53x53,4.53-54x54,4.54-55x55,4.55-56x56,4.56-57x57,4.57-58x58,4.58-59x58,5.29-30x30,5.30-31x31,5.31-32x32,5.32-33x33,5.33-34x34,5.34-35x35,5.35-36x36,5.36-37x37,5.37-38x38,5.38-39x39,5.39-40x40,5.40-41x41,5.40x411,5.41-42x42,5.42x421,5.42-43x43,5.43-44x44,5.44-45x45,5.45-46x46,5.46x461,5.47x47,5.48x48,5.49x49,5.50x50,5.51x51,5.52x52,5.53x53,5.54x54,5.55x55,5.56x56,5.57x57,5.58x58,5.59x59,5.60x60,5.61x61,5.62x62,5.63x63,5.64x64,5.65x65,5.66x66,5.67x67,5.68x68,5.69x69,5.70x70,5.71x71,5.72x72,5.73x73,5.74x74,5.75x75,5.76x76,5.77x77,6.20x20,6.21x21,6.22x22,6.23x23,6.24x24,6.25x25,6.26x26,6.27x27,6.28x28,6.28-29x29,6.29-30x30,6.30-31x31,6.31-32x32,6.32-33x33,6.33-34x34,6.34-35x35,6.35-36x36,6.36-37x37,6.37-38x38,6.38-39x39,6.39-40x40,6.40-41x41,6.41-42x42,6.42-43x43,6.43-44x44,6.44-45x45,6.45-46x46,6.46-47x47,6.47-48x48,6.48x481,6.49x49,6.50x50,6.51x51,6.52x52,6.53x53,6.54x54,6.55x55,6.56x56,6.57x57,6.58x58,6.59x59,6.60x60,6.61x61,6.62x62,6.63x63,6.64x64,6.65x65,6.66x66,6.67x67,6.68x68,6.69x69,6.70x70,6.71x71,6.72x72,6.73x73,6.74x74,6.75x75,6.76x76,6.77x77,6.78x78,6.79x79,6.80x80,7.18x17,7.19x18,7.20x19,7.21x20,7.22x21,7.23x22,7.24x23,7.25x24,7.26x25,7.27x26,7.28x27,7.28-29x29,7.29-30x29,7.30-31x30,7.31-32x31,7.32-33x32,7.33-34x33,7.34-35x34,7.35-36x35,7.36-37x36,7.37-38x37,7.38x38,7.39x39,7.40x40,7.41x41,7.42x42,7.43x43,7.44x44,7.45x45,7.46x46,7.47x471,7.47-48x47,7.48-49x48,7.49-50x49,7.50-51x50,7.51-52x51,7.53x53,7.54x54,7.55x55,7.56x56,7.57x57,1.16x16,1.17x17,1.18x18,1.19x19,1.20x20,1.21x21,1.22x22,1.23x23,1.24x24,1.25x25,1.26x26,1.27x27,1.28x28,1.29x29,1.29-30x30,1.30-31x31,1.31-32x32,1.32-33x33,1.33-34x34,1.34-35x35,1.35-36x36,1.36-37x37,1.37-38x38,1.38x381,1.39x39,1.40x40,1.41x41,1.42x42,1.43x43,1.44x44,1.45x45,1.46x46,1.47x47,1.48x48,1.49x49,1.50x50,1.51x51,1.52x52,1.53x53,1.54x54,1.55x55,1.56x56,1.57x57,1.58x58,1.59x59,1.60x60,1.61x61,2.33x33,2.34x34,2.35x35,2.36x36,2.37x37,2.38x38,2.39x39,2.40x40,2.41x41,2.42x42,2.43x43,2.44x44,2.45x45,2.46x46,2.47x47,2.48x48,2.49x49,2.50x50,2.51x51,2.52x52,2.53x53,2.54x54,2.55x541,2.55-56x55,2.56-57x56,2.57-58x57,2.58-59x58,2.59-60x59,2.60-61x60,2.61-62x61,2.62-63x62,2.63-64x63,2.64-65x64,2.65-66x65,2.66-67x66,2.67x67,2.68x68,3.18x18,3.19x19,3.20x20,3.21x21,3.22x22,3.23x23,3.24x24,3.25x25,3.26x26,3.27x27,3.28x28,3.29x29,3.30x30,3.31x31,3.32x32,3.33x33,3.34x34,3.35x35,3.36x36,3.37x37,3.38x38,3.39x39,3.40x40,3.41x41,3.42x42,3.43x43,3.44x44,3.45x45,3.46x46,3.47x47,3.48x48,3.49x49,3.50x50,3.51x51,3.52x52,3.53x53,3.54x54,3.55x55,3.56x56,3.57x57,3.58x58,3.59x59,4.38x38,4.39x39,4.40x40,4.40-41x41,4.41-42x42,4.42-43x43,4.43-44x44,4.44-45x45,4.45-46x46,4.46-47x47,4.47-48x48,4.48-49x49,4.49x491,4.50x50,4.51x51,4.52x52,4.52-53x53,4.53-54x54,4.54-55x55,4.55-56x56,4.56-57x57,4.57-58x58,4.58-59x59,4.59-60x60,4.60-61x61,4.61-62x62,4.62-63x63,4.63-64x64,4.64-65x65,4.65-66x66,4.66-67x67,4.67-68x68,4.68-69x69,5.33-34x34,5.34-35x35,5.35-36x36,5.36-37x36,5.37-38x37,5.38-39x38,5.39-40x39,5.40-41x41,5.41-42x42,5.42-43x43,5.43-44x44,5.44-45x45,5.44x45,5.45-46x46,5.46x461,5.46-47x47,5.47-48x48,5.48-49x49,5.49-50x50,5.50x50,5.51x51,5.52x52,5.53x53,5.54x54,5.55x55,5.56x56,5.57x57,5.58x58,5.59x59,5.60x60,5.61x61,5.62x62,5.63x63,5.64x64,5.65x65,5.66x66,5.67x67,5.68x68,5.69x69,5.70x70,5.71x71,5.72x72,5.73x73,5.74x74,5.75x75,5.76x75,5.77x76,5.78x77,5.79x78,5.80x79,5.81x80,6.17x17,6.18x18,6.19x19,6.20x20,6.21x21,6.22x22,6.23x23,6.24x24,6.25x25,6.25-26x26,6.26-27x27,6.27-28x28,6.28-29x29,6.29-30x30,6.30-31x31,6.31-32x32,6.32-33x33,6.33-34x34,6.34-35x35,6.35-36x36,6.36-37x37,6.37-38x38,6.38-39x39,6.39-40x40,6.40-41x41,6.41-42x42,6.42-43x43,6.43-44x44,6.44-45x45,6.45x451,6.46x46,6.47x47,6.48x48,6.49x49,6.50x50,6.51x51,6.52x52,6.53x53,6.54x54,6.55x55,6.56x56,6.57x57,6.58x58,6.59x59,6.60x60,6.61x61,6.62x62,6.63x63,6.64x64,6.65x65,6.66x66,6.67x67,6.68x68,6.69x69,6.70x70,6.71x71,6.72x72,6.73x73,6.74x74,6.75x75,6.76x76,6.77x77,7.24x23,7.25x24,7.26x25,7.27x26,7.28x27,7.29x28,7.30x29,7.31x30,7.32x31,7.33x32,7.34x33,7.34-35x34,7.35-36x35,7.36-37x36,7.37-38x37,7.38-39x38,7.39-40x39,7.40-41x40,7.41-42x41,7.42-43x42,7.43-44x43,7.44x44,7.45x45,7.46x46,7.47x47,7.48x48,7.49x49,7.50x50,7.51x51,7.52x52,7.53x521,7.53-54x53,7.54-55x54,7.55-56x55,7.56-57x56,7.57-58x57,7.59x58,7.60x59,7.61x60,7.62x61,7.63x62
[Human] 5-HT1B receptor,-,-,-,-,-,-,-,-,-,-,L,P,W,K,V,L,L,V,M,L,L,A,L,-,I,T,L,A,T,T,L,S,N,A,F,V,I,A,T,V,Y,R,T,-,-,-,-,-,-,-,T,P,A,N,Y,L,I,A,S,L,A,V,T,D,L,L,V,S,I,L,V,M,P,I,S,T,M,Y,T,V,T,-,-,-,-,-,-,G,Q,V,V,C,D,F,W,L,S,S,D,I,T,C,C,T,A,S,I,L,H,L,C,V,I,A,L,D,R,Y,W,A,I,T,D,-,-,-,-,P,K,R,A,A,V,M,I,A,L,V,-,W,V,F,S,I,S,I,S,L,P,P,F,F,W,-,-,-,-,-,-,-,-,-,-,-,-,H,I,L,Y,T,V,-,Y,-,S,T,V,G,A,F,Y,F,P,T,L,L,L,I,A,L,Y,G,R,I,Y,V,E,A,R,S,R,I,L,K,Q,T,P,-,-,-,-,-,-,-,-,-,K,L,M,A,A,R,E,R,K,A,T,K,T,L,G,I,I,L,G,A,F,I,V,-,C,W,L,P,F,F,I,I,S,L,V,M,P,I,-,-,-,-,-,-,-,-,-,-,-,-,-,-,-,-,-,-,-,-,-,-,-,-,-,H,L,A,I,F,D,F,F,T,W,L,G,Y,L,-,N,S,L,I,N,P,I,I,-,Y,T,M,S,-,-,-,-,-,-
[Human] 5-HT2B receptor,-,-,-,-,-,-,-,-,-,-,-,-,-,-,L,H,W,A,A,L,L,I,L,M,V,I,I,P,T,I,G,G,N,T,L,V,I,L,A,V,S,L,E,-,-,-,-,-,-,-,Y,A,T,N,Y,F,L,M,S,L,A,V,A,D,L,L,V,G,L,F,V,M,P,I,A,L,L,T,I,M,F,-,-,-,-,-,-,P,L,V,L,C,P,A,W,L,F,L,D,V,L,F,S,T,A,S,I,M,H,L,C,A,I,S,V,D,R,Y,I,A,I,K,K,-,-,-,-,R,A,T,A,F,I,K,I,T,V,V,-,W,L,I,S,I,G,I,A,-,I,P,V,P,I,K,G,-,-,-,-,-,-,-,-,-,-,F,G,D,F,M,L,-,F,-,G,S,L,A,A,F,F,T,P,L,A,I,M,I,V,T,Y,F,L,T,I,H,A,L,Q,K,K,A,Y,L,V,K,N,K,P,-,-,-,-,-,-,-,V,Q,T,I,S,N,E,Q,R,A,S,K,V,L,G,I,V,F,F,L,F,L,L,-,M,W,C,P,F,F,I,T,N,I,T,L,V,L,C,-,-,-,-,-,-,-,-,-,-,-,-,-,-,-,-,-,-,-,-,-,Q,T,T,L,Q,M,L,L,E,I,F,V,W,I,G,Y,V,-,S,S,G,V,N,P,L,V,-,Y,T,L,F,-,-,-,-,-,-
[Human] M1 receptor,-,-,-,-,-,-,-,-,-,-,P,W,Q,V,A,F,I,G,I,T,T,G,L,-,L,S,L,A,T,V,T,G,N,L,L,V,L,I,S,F,K,V,N,-,-,-,-,-,-,-,T,V,N,N,Y,F,L,L,S,L,A,C,A,D,L,I,I,G,T,F,S,M,N,L,Y,T,T,Y,L,L,M,-,-,-,-,-,-,G,T,L,A,C,D,L,W,L,A,L,D,Y,V,A,S,N,A,S,V,M,N,L,L,L,I,S,F,D,R,Y,F,S,V,T,R,-,-,-,-,P,R,R,A,A,L,M,I,G,L,A,-,W,L,V,S,F,V,L,W,A,P,A,I,L,F,W,Q,Y,L,V,G,-,-,-,-,-,-,Q,P,I,I,T,F,-,G,-,T,A,M,A,A,F,Y,L,P,V,T,V,M,C,T,L,Y,W,R,I,Y,R,E,T,E,N,R,A,R,E,L,A,A,L,-,-,-,-,-,-,-,-,T,F,S,L,V,K,E,K,K,A,A,R,T,L,S,A,I,L,L,A,F,I,L,-,T,W,T,P,Y,N,I,M,V,L,V,S,T,F,C,-,-,-,-,-,-,-,-,-,-,-,-,-,-,-,-,-,-,-,-,-,-,-,-,P,E,T,L,W,E,L,G,Y,W,L,C,Y,V,-,N,S,T,I,N,P,M,C,-,Y,A,L,C,-,-,-,-,-,-
[Human] M2 receptor,-,-,-,-,-,-,-,-,-,K,T,F,E,V,V,F,I,V,L,V,A,G,S,-,L,S,L,V,T,I,I,G,N,I,L,V,M,V,S,I,K,V,N,-,-,-,-,-,-,-,T,V,N,N,Y,F,L,F,S,L,A,C,A,D,L,I,I,G,V,F,S,M,N,L,Y,T,L,Y,T,V,I,-,-,-,-,-,-,G,P,V,V,C,D,L,W,L,A,L,D,Y,V,V,S,N,A,S,V,M,N,L,L,I,I,S,F,D,R,Y,F,C,V,T,K,-,-,-,-,T,K,M,A,G,M,M,I,A,A,A,-,W,V,L,S,F,I,L,W,A,P,A,I,L,F,W,Q,F,I,V,G,-,-,-,-,-,-,N,A,A,V,T,F,-,G,-,T,A,I,A,A,F,Y,L,P,V,I,I,M,T,V,L,Y,W,H,I,S,R,A,S,K,S,R,I,K,K,D,K,K,E,-,-,-,-,-,-,-,-,K,P,P,P,S,R,E,K,K,V,T,R,T,I,L,A,I,L,L,A,F,I,I,-,T,W,A,P,Y,N,V,M,V,L,I,N,T,F,C,-,-,-,-,-,-,-,-,-,-,-,-,-,-,-,-,-,-,-,-,-,-,-,-,P,N,T,V,W,T,I,G,Y,W,L,C,Y,I,-,N,S,T,I,N,P,A,C,-,Y,A,L,C,-,-,-,-,-,-
[Rat] M3 receptor,-,-,-,-,-,-,-,-,-,-,I,W,Q,V,V,F,I,A,F,L,T,G,F,-,L,A,L,V,T,I,I,G,N,I,L,V,I,V,A,F,K,V,N,-,-,-,-,-,-,-,T,V,N,N,Y,F,L,L,S,L,A,C,A,D,L,I,I,G,V,I,S,M,N,L,F,T,T,Y,I,I,M,-,-,-,-,-,-,G,N,L,A,C,D,L,W,L,S,I,D,Y,V,A,S,N,A,S,V,M,N,L,L,V,I,S,F,D,R,Y,F,S,I,T,R,-,-,-,-,T,K,R,A,G,V,M,I,G,L,A,-,W,V,I,S,F,V,L,W,A,P,A,I,L,F,W,Q,Y,F,V,G,-,-,-,-,-,-,E,P,T,I,T,F,-,G,-,T,A,I,A,A,F,Y,M,P,V,T,I,M,T,I,L,Y,W,R,I,Y,K,E,T,E,K,R,T,K,E,L,A,G,L,-,-,-,-,-,-,-,-,R,M,S,L,I,K,E,K,K,A,A,Q,T,L,S,A,I,L,L,A,F,I,I,-,T,W,T,P,Y,N,I,M,V,L,V,N,T,F,C,-,-,-,-,-,-,-,-,-,-,-,-,-,-,-,-,-,-,-,-,-,-,-,-,P,K,T,Y,W,N,L,G,Y,W,L,C,Y,I,-,N,S,T,V,N,P,V,C,-,Y,A,L,C,-,-,-,-,-,-
[Human] M4 receptor,-,-,-,-,-,-,-,R,Y,E,T,V,E,M,V,F,I,A,T,V,T,G,S,-,L,S,L,V,T,V,V,G,N,I,L,V,M,L,S,I,K,V,N,-,-,-,-,-,-,-,T,V,N,N,Y,F,L,F,S,L,A,C,A,D,L,I,I,G,A,F,S,M,N,L,Y,T,V,Y,I,I,K,-,-,-,-,-,-,G,A,V,V,C,D,L,W,L,A,L,D,Y,V,V,S,N,A,S,V,M,N,L,L,I,I,S,F,D,R,Y,F,C,V,T,K,-,-,-,-,T,K,M,A,G,L,M,I,A,A,A,-,W,V,L,S,F,V,L,W,A,P,A,I,L,F,W,Q,F,V,V,G,-,-,-,-,-,-,N,P,A,V,T,F,-,G,-,T,A,I,A,A,F,Y,L,P,V,V,I,M,T,V,L,Y,I,H,I,S,L,A,S,R,S,R,V,H,K,H,R,P,E,-,-,-,-,-,-,-,-,R,Q,M,A,A,R,E,R,K,V,T,R,T,I,F,A,I,L,L,A,F,I,L,-,T,W,T,P,Y,N,V,M,V,L,V,N,T,F,C,-,-,-,-,-,-,-,-,-,-,-,-,-,-,-,-,-,-,-,-,-,-,-,-,P,D,T,V,W,S,I,G,Y,W,L,C,Y,V,-,N,S,T,I,N,P,A,C,-,Y,A,L,C,-,-,-,-,-,-
[Common turkey] &amp;beta;1-adrenoceptor,-,-,-,-,-,A,E,L,L,S,Q,Q,W,E,A,G,M,S,L,L,M,A,L,-,V,V,L,L,I,V,A,G,N,V,L,V,I,A,A,I,G,R,T,-,-,-,-,-,-,-,T,L,T,N,L,F,I,T,S,L,A,C,A,D,L,V,M,G,L,L,V,V,P,F,G,A,T,L,V,V,R,-,-,-,-,-,-,G,S,F,L,C,E,C,W,T,S,L,D,V,L,C,V,T,A,S,I,E,T,L,C,V,I,A,I,D,R,Y,L,A,I,T,S,-,-,-,-,R,A,R,A,K,V,I,I,C,T,V,-,W,A,I,S,A,L,V,S,F,L,P,I,M,M,H,-,-,-,-,-,-,-,-,-,-,-,N,R,A,Y,A,I,-,A,-,S,S,I,I,S,F,Y,I,P,L,L,I,M,I,F,V,Y,L,R,V,Y,R,E,A,K,E,Q,I,R,K,I,D,R,C,E,-,-,-,R,K,T,S,R,V,M,A,M,R,E,H,K,A,L,K,T,L,G,I,I,M,G,V,F,T,L,-,C,W,L,P,F,F,L,V,N,I,V,N,V,F,N,-,-,-,-,-,-,-,-,-,-,-,-,-,-,-,-,-,-,-,-,-,-,-,-,P,D,W,L,F,V,F,F,N,W,L,G,Y,A,-,N,S,A,F,N,P,I,I,-,Y,C,R,-,-,-,-,-,-,-
[Human] &amp;beta;2-adrenoceptor,-,-,-,-,-,-,Q,E,R,D,E,V,W,V,V,G,M,G,I,V,M,S,L,-,I,V,L,A,I,V,F,G,N,V,L,V,I,T,A,I,A,K,F,-,-,-,-,-,-,-,T,V,T,N,Y,F,I,T,S,L,A,C,A,D,L,V,M,G,L,A,V,V,P,F,G,A,A,H,I,L,M,-,-,-,-,-,-,G,N,F,W,C,E,F,W,T,S,I,D,V,L,C,V,T,A,S,I,E,T,L,C,V,I,A,V,D,R,Y,F,A,I,T,S,-,-,-,-,K,N,K,A,R,V,I,I,L,M,V,-,W,I,V,S,G,L,T,S,F,L,P,I,Q,M,H,-,-,-,-,-,-,-,-,-,-,-,N,Q,A,Y,A,I,-,A,-,S,S,I,V,S,F,Y,V,P,L,V,I,M,V,F,V,Y,S,R,V,F,Q,E,A,K,R,Q,L,Q,K,I,D,K,S,E,-,-,-,-,-,-,-,S,K,F,C,L,K,E,H,K,A,L,K,T,L,G,I,I,M,G,T,F,T,L,-,C,W,L,P,F,F,I,V,N,I,V,H,V,I,Q,-,-,-,-,-,-,-,-,-,-,-,-,-,-,-,-,-,-,-,-,-,-,-,-,R,K,E,V,Y,I,L,L,N,W,I,G,Y,V,-,N,S,G,F,N,P,L,I,-,Y,C,R,-,-,-,-,-,-,-
[Human] D3 receptor,-,-,-,-,-,-,-,-,-,-,A,R,P,H,A,Y,Y,A,L,S,Y,C,A,-,L,I,L,A,I,V,F,G,N,G,L,V,C,M,A,V,L,K,E,-,-,-,-,-,-,-,T,T,T,N,Y,L,V,V,S,L,A,V,A,D,L,L,V,A,T,L,V,M,P,W,V,V,Y,L,E,V,T,-,-,-,-,-,-,S,R,I,C,C,D,V,F,V,T,L,D,V,M,M,C,T,A,S,I,L,N,L,C,A,I,S,I,D,R,Y,T,A,V,V,M,-,-,-,S,C,R,R,V,A,L,M,I,T,A,V,-,W,V,L,A,F,A,V,S,-,C,P,L,L,F,G,-,-,-,-,-,-,-,-,-,-,-,N,P,D,F,V,I,-,Y,-,S,S,V,V,S,F,Y,L,P,F,G,V,T,V,L,V,Y,A,R,I,Y,V,V,L,K,Q,R,R,R,K,R,I,L,T,R,-,-,-,-,-,-,-,R,G,V,P,L,R,E,K,K,A,T,Q,M,V,A,I,V,L,G,A,F,I,V,-,C,W,L,P,F,F,L,T,H,V,L,N,T,H,-,-,-,-,-,-,-,-,-,-,-,-,-,-,-,-,-,-,-,-,-,-,-,-,-,S,P,E,L,Y,S,A,T,T,W,L,G,Y,V,-,N,S,A,L,N,P,V,I,-,Y,T,T,F,-,-,-,-,-,-
[Human] H1 receptor,-,-,-,-,-,-,-,-,-,-,-,-,-,-,-,P,L,V,V,V,L,S,T,-,I,C,L,V,T,V,G,L,N,L,L,V,L,Y,A,V,R,S,E,-,-,-,-,-,-,-,T,V,G,N,L,Y,I,V,S,L,S,V,A,D,L,I,V,G,A,V,V,M,P,M,N,I,L,Y,L,L,M,-,-,-,-,-,-,G,R,P,L,C,L,F,W,L,S,M,D,Y,V,A,S,T,A,S,I,F,S,V,F,I,L,C,I,D,R,Y,R,S,V,Q,Q,-,-,-,-,K,T,R,A,S,A,T,I,L,G,A,-,W,F,L,S,F,L,-,W,V,I,P,I,L,G,-,-,-,-,-,-,-,-,-,-,-,-,V,T,W,F,K,V,-,M,-,T,A,I,I,N,F,Y,L,P,T,L,L,M,L,W,F,Y,A,K,I,Y,K,A,V,R,Q,H,C,Q,H,R,E,L,I,N,-,-,-,-,-,-,-,G,L,H,M,N,R,E,R,K,A,A,K,Q,L,G,F,I,M,A,A,F,I,L,-,C,W,I,P,Y,F,I,F,F,M,V,I,A,F,C,-,-,-,-,-,-,-,-,-,-,-,-,-,-,-,-,-,-,-,-,-,-,-,-,N,E,H,L,H,M,F,T,I,W,L,G,Y,I,-,N,S,T,L,N,P,L,I,-,Y,P,L,C,-,-,-,-,-,-
[Human] AT1 receptor,-,-,-,-,-,-,-,-,-,-,-,Y,I,F,V,M,I,P,T,L,Y,S,I,-,I,F,V,V,G,I,F,G,N,S,L,V,V,I,V,I,Y,F,Y,-,-,-,-,-,-,-,T,V,A,S,V,F,L,L,N,L,A,L,A,D,L,C,F,L,L,-,T,L,P,L,W,A,V,Y,T,A,M,-,-,-,-,-,-,G,N,Y,L,C,K,I,A,S,A,S,V,S,F,N,L,Y,A,S,V,F,L,L,T,C,L,S,I,D,R,Y,L,A,I,V,H,-,-,-,-,M,L,V,A,K,V,T,C,I,I,I,-,W,L,L,A,G,L,A,-,S,L,P,A,I,I,H,R,-,-,-,-,-,-,-,-,-,L,P,I,G,L,G,L,-,T,-,K,N,I,L,G,F,L,F,P,F,L,I,I,L,T,S,Y,T,L,I,W,K,A,L,K,K,A,-,-,-,-,-,-,-,-,-,-,-,-,-,-,-,-,-,-,-,P,R,N,D,D,I,F,K,I,I,M,A,I,V,L,F,F,F,F,-,S,W,I,P,H,Q,I,F,T,F,L,D,V,L,I,Q,L,G,-,-,-,-,-,-,-,-,-,-,-,-,-,-,D,C,R,I,A,D,I,V,D,T,A,M,P,I,T,I,C,I,A,Y,F,-,N,N,C,L,N,P,L,F,-,Y,G,F,L,-,-,-,-,-,-
[Human] ETB receptor,-,-,-,Q,G,P,I,E,I,K,E,T,F,K,Y,I,N,T,V,V,S,C,L,-,V,F,V,L,G,I,I,G,N,S,T,L,L,R,I,I,Y,K,N,-,-,-,-,-,-,-,-,G,P,N,I,L,I,A,S,L,A,L,G,D,L,L,H,I,V,I,D,I,P,I,N,V,Y,K,L,L,A,-,-,-,-,-,-,G,A,E,M,C,K,L,V,P,F,I,Q,K,A,S,V,G,I,T,V,L,S,L,C,A,L,S,I,D,R,Y,R,A,V,A,S,-,-,-,-,P,K,W,T,A,V,E,I,V,L,I,-,W,V,V,S,V,V,L,A,-,V,P,E,A,I,G,F,-,-,-,-,A,F,M,Q,F,Y,K,T,A,K,D,W,-,W,-,L,F,S,F,Y,F,C,L,P,L,A,I,T,A,F,F,Y,T,L,M,T,C,E,M,L,R,K,K,S,G,M,-,-,-,-,-,-,-,-,-,-,-,N,D,H,L,K,Q,R,R,E,V,A,K,T,V,F,C,L,V,L,V,F,A,L,-,C,W,L,P,L,H,L,S,R,I,L,K,L,T,L,Y,-,-,-,-,-,-,-,-,-,-,-,-,-,-,-,-,R,C,E,L,L,S,F,L,L,V,L,D,Y,I,G,I,N,M,A,S,L,-,N,S,C,I,N,P,I,A,-,L,Y,L,V,-,-,-,-,-,-
[Rat] NTS1 receptor,-,-,-,-,-,-,-,-,-,-,I,Y,S,K,V,L,V,T,A,I,Y,L,A,-,L,F,V,V,G,T,V,G,N,S,V,T,A,F,T,L,A,R,K,-,-,-,-,S,L,Q,S,T,V,H,Y,H,L,G,S,L,A,L,S,D,L,L,I,L,L,L,A,M,P,V,E,L,Y,N,F,I,W,V,-,-,-,-,-,G,D,A,G,C,R,G,Y,Y,F,L,R,D,A,C,T,Y,A,T,A,L,N,V,A,S,L,S,V,E,R,Y,L,A,I,C,H,-,-,-,-,R,S,R,T,K,K,F,I,S,A,I,-,W,L,A,S,A,L,L,A,-,I,P,M,L,F,T,M,-,-,-,-,-,-,-,T,A,T,V,K,V,V,I,Q,-,V,-,N,T,F,M,S,F,L,F,P,M,L,V,I,S,I,L,N,T,V,I,A,N,K,L,T,V,M,V,H,Q,A,A,E,Q,G,-,-,-,-,-,-,-,P,G,R,V,Q,A,L,R,H,G,V,L,V,L,R,A,V,V,I,A,F,V,V,-,C,W,L,P,Y,H,V,R,R,L,M,F,C,Y,I,-,-,-,-,-,-,-,-,-,-,-,-,-,-,-,-,-,T,T,F,L,F,D,F,Y,H,Y,F,Y,M,L,T,N,A,L,F,Y,V,-,S,S,A,I,N,P,I,L,-,Y,N,L,V,-,-,-,-,-,-
[Human] &amp;delta; receptor,-,-,-,G,A,R,S,A,S,S,L,A,L,A,I,A,I,T,A,L,Y,S,A,-,V,C,A,V,G,L,L,G,N,V,L,V,M,F,G,I,V,R,Y,-,-,-,-,-,-,-,T,A,T,N,I,Y,I,F,N,L,A,L,A,D,A,L,A,T,S,-,T,L,P,F,Q,S,A,K,Y,L,M,-,-,-,-,-,-,G,E,L,L,C,K,A,V,L,S,I,D,Y,Y,N,M,F,T,S,I,F,T,L,T,M,M,S,V,D,R,Y,I,A,V,C,H,-,-,-,-,P,A,K,A,K,L,I,N,I,C,I,-,W,V,L,A,S,G,V,G,V,P,I,M,V,M,A,-,-,-,-,-,-,-,S,W,Y,W,D,T,V,T,K,I,-,C,-,V,F,L,F,A,F,V,V,P,I,L,I,I,T,V,C,Y,G,L,M,L,L,R,L,R,S,V,-,-,-,-,-,-,-,-,-,-,-,-,-,-,S,K,E,K,D,R,S,L,R,R,I,T,R,M,V,L,V,V,V,G,A,F,V,V,-,C,W,A,P,I,H,I,F,V,I,V,W,T,L,V,-,-,-,-,-,-,-,-,-,-,-,-,-,-,-,-,-,-,-,-,-,D,P,L,V,V,A,A,L,H,L,C,I,A,L,G,Y,A,-,N,S,S,L,N,P,V,L,-,Y,A,F,L,-,-,-,-,-,-
[Mouse] &amp;delta; receptor,-,-,-,-,-,R,S,A,S,S,L,A,L,A,I,A,I,T,A,L,Y,S,A,-,V,C,A,V,G,L,L,G,N,V,L,V,M,F,G,I,V,R,Y,-,-,-,-,-,-,-,T,A,T,N,I,Y,I,F,N,L,A,L,A,D,A,L,A,T,S,-,T,L,P,F,Q,S,A,K,Y,L,M,-,-,-,-,-,-,G,E,L,L,C,K,A,V,L,S,I,D,Y,Y,N,M,F,T,S,I,F,T,L,T,M,M,S,V,D,R,Y,I,A,V,C,H,-,-,-,-,P,A,K,A,K,L,I,N,I,C,I,-,W,V,L,A,S,G,V,G,V,P,I,M,V,M,A,-,-,-,-,-,-,-,S,W,Y,W,D,T,V,T,K,I,-,C,-,V,F,L,F,A,F,V,V,P,I,L,I,I,T,V,C,Y,G,L,M,L,L,R,L,R,S,V,-,-,-,-,-,-,-,-,-,-,-,-,-,-,S,K,E,K,D,R,S,L,R,R,I,T,R,M,V,L,V,V,V,G,A,F,V,V,-,C,W,A,P,I,H,I,F,V,I,V,W,T,L,V,-,-,-,-,-,-,-,-,-,-,-,-,-,-,-,-,-,-,-,-,-,D,P,L,V,V,A,A,L,H,L,C,I,A,L,G,Y,A,-,N,S,S,L,N,P,V,L,-,Y,A,F,L,-,-,-,-,-,-
[Human] &amp;kappa; receptor,-,-,-,-,-,-,-,-,-,-,-,A,I,P,V,I,I,T,A,V,Y,S,V,-,V,F,V,V,G,L,V,G,N,S,L,V,M,F,V,I,I,R,Y,-,-,-,-,-,-,-,T,A,T,N,I,Y,I,F,N,L,A,L,A,D,A,L,V,T,T,-,T,M,P,F,Q,S,T,V,Y,L,M,-,-,-,-,-,-,G,D,V,L,C,K,I,V,I,S,I,D,Y,Y,N,M,F,T,S,I,F,T,L,T,M,M,S,V,D,R,Y,I,A,V,C,H,-,-,-,-,P,L,K,A,K,I,I,N,I,C,I,-,W,L,L,S,S,S,V,G,I,S,A,I,V,L,G,-,-,-,-,-,-,-,Y,S,W,W,D,L,F,M,K,I,-,C,-,V,F,I,F,A,F,V,I,P,V,L,I,I,I,V,C,Y,T,L,M,I,L,R,L,K,S,V,-,-,-,-,-,-,-,-,-,-,-,-,-,-,S,R,E,K,D,R,N,L,R,R,I,T,R,L,V,L,V,V,V,A,V,F,V,V,-,C,W,T,P,I,H,I,F,I,L,V,E,A,L,G,-,-,-,-,-,-,-,-,-,-,-,-,-,-,-,-,-,-,-,-,-,S,T,A,A,L,S,S,Y,Y,F,C,I,A,L,G,Y,T,-,N,S,S,L,N,P,I,L,-,Y,A,F,L,-,-,-,-,-,-
[Mouse] &amp;mu; receptor,-,-,-,-,-,-,-,-,-,-,M,V,T,A,I,T,I,M,A,L,Y,S,I,-,V,C,V,V,G,L,F,G,N,F,L,V,M,Y,V,I,V,R,Y,-,-,-,-,-,-,-,T,A,T,N,I,Y,I,F,N,L,A,L,A,D,A,L,A,T,S,-,T,L,P,F,Q,S,V,N,Y,L,M,-,-,-,-,-,-,G,N,I,L,C,K,I,V,I,S,I,D,Y,Y,N,M,F,T,S,I,F,T,L,C,T,M,S,V,D,R,Y,I,A,V,C,H,-,-,-,-,P,R,N,A,K,I,V,N,V,C,N,-,W,I,L,S,S,A,I,G,L,P,V,M,F,M,A,-,-,-,-,-,-,-,T,W,Y,W,E,N,L,L,K,I,-,C,-,V,F,I,F,A,F,I,M,P,V,L,I,I,T,V,C,Y,G,L,M,I,L,R,L,K,S,V,-,-,-,-,-,-,-,-,-,-,-,-,-,-,S,K,E,K,D,R,N,L,R,R,I,T,R,M,V,L,V,V,V,A,V,F,I,V,-,C,W,T,P,I,H,I,Y,V,I,I,K,A,L,I,-,-,-,-,-,-,-,-,-,-,-,-,-,-,-,-,-,-,-,-,-,T,T,F,Q,T,V,S,W,H,F,C,I,A,L,G,Y,T,-,N,S,C,L,N,P,V,L,-,Y,A,F,L,-,-,-,-,-,-
[Human] NOP receptor,-,-,-,-,-,-,-,-,-,-,L,G,L,K,V,T,I,V,G,L,Y,L,A,-,V,C,V,G,G,L,L,G,N,C,L,V,M,Y,V,I,L,R,H,-,-,-,-,-,-,-,T,A,T,N,I,Y,I,F,N,L,A,L,A,D,T,L,V,L,L,-,T,L,P,F,Q,G,T,D,I,L,L,-,-,-,-,-,-,G,N,A,L,C,K,T,V,I,A,I,D,Y,Y,N,M,F,T,S,T,F,T,L,T,A,M,S,V,D,R,Y,V,A,I,C,H,-,-,-,-,S,S,K,A,Q,A,V,N,V,A,I,-,W,A,L,A,S,V,V,G,V,P,V,A,I,M,G,-,-,-,-,-,-,-,Q,D,Y,W,G,P,V,F,A,I,-,C,-,I,F,L,F,S,F,I,V,P,V,L,V,I,S,V,C,Y,S,L,M,I,R,R,L,R,G,V,-,-,-,-,-,-,-,-,-,-,-,-,-,-,S,R,E,K,D,R,N,L,R,R,I,T,R,L,V,L,V,V,V,A,V,F,V,G,-,C,W,T,P,V,Q,V,F,V,L,A,Q,G,L,G,-,-,-,-,-,-,-,-,-,-,-,-,-,-,-,-,-,-,-,-,-,S,E,T,A,V,A,I,L,R,F,C,T,A,L,G,Y,V,-,N,S,C,L,N,P,I,L,-,Y,A,F,L,-,-,-,-,-,-
[Human] OX1 receptor,-,-,-,-,-,-,-,-,-,-,-,-,-,E,W,V,L,I,A,A,Y,V,A,-,V,F,V,V,A,L,V,G,N,T,L,V,C,L,A,V,W,R,N,-,-,-,-,-,-,-,T,V,T,N,Y,F,I,V,N,L,S,L,A,D,V,L,V,T,A,I,C,L,P,A,S,L,L,V,D,I,T,-,-,-,-,-,-,G,H,A,L,C,K,V,I,P,Y,L,Q,A,V,S,V,S,V,A,V,L,T,L,S,F,I,A,L,D,R,W,Y,A,I,C,H,-,-,-,-,A,R,R,A,R,G,S,I,L,G,I,-,W,A,V,S,L,A,I,M,-,V,P,Q,A,A,V,M,-,-,-,-,-,-,-,D,L,Y,P,K,I,Y,H,S,-,C,-,F,F,I,V,T,Y,L,A,P,L,G,L,M,A,M,A,Y,F,Q,I,F,R,K,L,W,G,R,Q,I,P,-,-,-,-,-,-,-,-,F,L,A,E,V,K,Q,M,R,A,R,R,K,T,A,K,M,L,M,V,V,L,L,V,F,A,L,-,C,Y,L,P,I,S,V,L,N,V,L,K,R,V,F,-,-,-,-,-,-,-,-,-,-,-,-,-,-,-,-,-,-,-,-,-,R,E,A,V,Y,A,C,F,T,F,S,H,W,L,V,Y,A,-,N,S,A,A,N,P,I,I,-,Y,N,F,L,-,-,-,-,-,-
[Human] OX2 receptor,-,-,-,-,-,-,-,-,-,-,-,-,Y,E,W,V,L,I,A,G,Y,I,I,-,V,F,V,V,A,L,I,G,N,V,L,V,C,V,A,V,W,K,N,-,-,-,-,-,-,-,T,V,T,N,Y,F,I,V,N,L,S,L,A,D,V,L,V,T,I,T,C,L,P,A,T,L,V,V,D,I,T,-,-,-,-,-,-,G,Q,S,L,C,K,V,I,P,Y,L,Q,T,V,S,V,S,V,S,V,L,T,L,S,C,I,A,L,D,R,W,Y,A,I,C,H,-,-,-,-,A,K,R,A,R,N,S,I,V,I,I,-,W,I,V,S,C,I,I,M,-,I,P,Q,A,I,V,M,-,-,-,-,-,-,-,E,I,Y,P,K,M,Y,H,I,-,C,-,F,F,L,V,T,Y,M,A,P,L,C,L,M,V,L,A,Y,L,Q,I,F,R,K,L,W,C,R,Q,I,P,-,-,-,-,-,-,-,-,V,A,A,E,I,K,Q,I,R,A,R,R,K,T,A,R,M,L,M,I,V,L,L,V,F,A,I,-,C,Y,L,P,I,S,I,L,N,V,L,K,R,V,F,-,-,-,-,-,-,-,-,-,-,-,-,-,-,-,-,-,-,-,-,-,R,E,T,V,Y,A,W,F,T,F,S,H,W,L,V,Y,A,-,N,S,A,A,N,P,I,I,-,Y,N,F,L,-,-,-,-,-,-
[Human] PAR1,-,-,-,-,-,-,-,-,-,-,S,W,L,T,L,F,V,P,S,V,Y,T,G,-,V,F,V,V,S,L,P,L,N,I,M,A,I,V,V,F,I,L,K,-,-,-,-,-,-,-,K,P,A,V,V,Y,M,L,H,L,A,T,A,D,V,L,F,V,S,-,V,L,P,F,K,I,S,Y,Y,F,S,-,-,-,-,-,-,G,S,E,L,C,R,F,V,T,A,A,F,Y,C,N,M,Y,A,S,I,L,L,M,T,V,I,S,I,D,R,F,L,A,V,V,Y,-,-,-,-,L,G,R,A,S,F,T,C,L,A,I,-,W,A,L,A,I,A,G,V,-,V,P,L,L,L,K,-,-,-,-,-,-,-,E,G,Y,Y,A,Y,Y,F,S,A,-,F,-,S,A,V,F,-,F,F,V,P,L,I,I,S,T,V,C,Y,V,S,I,I,R,C,L,S,S,-,-,-,-,-,-,-,-,-,-,-,-,-,-,-,-,-,-,-,N,R,S,K,K,S,R,A,L,F,L,S,A,A,V,F,C,I,F,I,I,C,F,G,P,T,N,V,L,L,I,A,H,Y,S,F,L,-,-,-,-,-,-,-,-,-,-,-,-,-,-,-,-,-,-,-,-,T,E,A,A,Y,F,A,Y,L,L,C,V,C,V,S,S,I,-,S,C,C,I,D,P,L,I,-,Y,Y,Y,A,-,-,-,-,-,-
[Human] CCR5,-,-,-,-,-,-,-,-,V,K,Q,I,A,A,R,L,L,P,P,L,Y,S,L,-,V,F,I,F,G,F,V,G,N,M,L,V,I,L,I,L,I,N,C,-,-,-,-,-,-,-,S,M,T,D,I,Y,L,L,N,L,A,I,S,D,L,F,F,L,L,-,T,V,P,F,W,A,H,Y,A,A,A,-,-,-,-,-,-,G,N,T,M,C,Q,L,L,T,G,L,Y,F,I,G,F,F,S,G,I,F,F,I,I,L,L,T,I,D,R,Y,L,A,V,V,H,-,-,-,-,V,T,F,G,V,V,T,S,V,I,T,-,W,V,V,A,V,F,A,S,-,L,P,G,I,I,F,T,-,-,-,-,-,-,Y,Q,F,W,K,N,F,Q,T,L,-,K,-,I,V,I,L,G,L,V,L,P,L,L,V,M,V,I,C,Y,S,G,I,L,K,T,L,L,R,C,-,-,-,-,-,-,-,-,-,-,-,-,-,-,-,-,-,-,-,-,-,R,H,R,A,V,R,L,I,F,T,I,M,I,V,Y,F,L,-,F,W,A,P,Y,N,I,V,L,L,L,N,T,F,Q,E,F,F,G,-,-,-,-,-,-,-,-,-,-,-,-,-,N,C,S,S,S,N,R,L,D,Q,A,M,Q,V,T,E,T,L,G,M,T,-,H,C,C,I,N,P,I,I,-,Y,A,F,V,-,-,-,-,-,-
[Human] CXCR4,-,-,-,-,-,R,E,E,N,A,N,F,N,K,I,F,L,P,T,I,Y,S,I,-,I,F,L,T,G,I,V,G,N,G,L,V,I,L,V,M,G,Y,Q,-,-,-,-,-,-,-,S,M,T,D,K,Y,R,L,H,L,S,V,A,D,L,L,F,V,I,-,T,L,P,F,W,A,V,D,A,V,A,-,-,-,-,-,-,G,N,F,L,C,K,A,V,H,V,I,Y,T,V,N,L,Y,S,S,V,L,I,L,A,F,I,S,L,D,R,Y,L,A,I,V,H,-,-,-,-,L,L,A,E,K,V,V,Y,V,G,V,-,W,I,P,A,L,L,L,T,-,I,P,D,F,I,F,A,-,-,-,-,-,-,-,D,L,W,V,V,V,F,Q,F,-,Q,-,H,I,M,V,G,L,I,L,P,G,I,V,I,L,S,C,Y,C,I,I,I,S,K,L,S,H,S,-,-,-,-,-,-,-,-,-,-,-,-,-,-,-,-,-,-,-,-,-,K,R,K,A,L,K,T,T,V,I,L,I,L,A,F,F,A,-,C,W,L,P,Y,Y,I,G,I,S,I,D,S,F,I,L,L,E,-,-,-,-,-,-,-,-,-,-,-,-,-,-,G,C,E,F,E,N,T,V,H,K,W,I,S,I,T,E,A,L,A,F,F,-,H,C,C,L,N,P,I,L,-,Y,A,F,L,-,-,-,-,-,-
[Human] FFA1 receptor,-,-,-,-,-,-,-,-,-,-,-,-,-,-,Q,L,S,F,G,L,Y,V,A,-,A,F,A,L,G,F,P,L,N,V,L,A,I,R,G,A,T,A,H,A,R,L,R,-,-,-,T,P,S,L,V,Y,A,L,N,L,G,C,S,D,L,L,L,T,V,-,S,L,P,L,K,A,V,E,A,L,A,-,-,-,-,-,-,P,A,S,L,C,P,V,F,A,V,A,H,F,F,P,L,Y,A,G,G,G,F,L,A,A,L,S,A,G,R,Y,L,G,A,A,F,-,-,-,-,P,C,Y,S,W,G,V,C,A,A,I,-,W,A,L,V,L,C,H,L,G,L,V,F,G,L,E,-,-,-,-,-,-,-,-,P,A,S,A,G,P,A,R,F,-,S,-,L,S,L,L,L,F,F,L,P,L,A,I,T,A,F,C,Y,V,G,C,L,R,A,L,A,R,-,-,-,-,-,-,-,-,-,-,-,-,-,-,-,-,-,-,-,-,-,R,R,K,L,R,A,A,W,V,A,G,G,A,L,L,T,L,L,L,C,V,G,P,Y,N,A,S,N,V,A,S,F,L,Y,-,-,-,-,-,-,-,-,-,-,-,-,-,-,-,-,-,-,-,-,-,-,-,-,-,G,S,W,R,K,L,G,L,I,T,G,A,W,-,S,V,V,L,N,P,L,V,-,T,G,Y,L,-,-,-,-,-,-
[Human] LPA1 receptor,-,-,-,-,-,-,-,-,-,-,-,T,V,S,K,L,V,M,G,L,G,I,T,-,V,C,I,F,I,M,L,A,N,L,L,V,M,V,A,I,Y,V,N,-,-,-,-,-,-,-,F,P,I,Y,Y,L,M,A,N,L,A,A,A,D,F,F,A,G,L,-,A,Y,F,Y,L,M,F,N,-,-,-,-,-,-,-,-,-,T,V,S,T,W,L,L,R,Q,G,L,I,D,T,S,L,T,A,S,V,A,N,L,L,A,I,A,I,E,R,H,I,T,V,F,R,-,-,-,-,N,R,R,V,V,V,V,I,V,V,I,-,W,T,M,A,I,V,M,G,A,I,P,S,V,G,-,-,-,-,-,-,-,-,-,-,-,-,S,D,S,Y,L,V,-,F,-,W,A,I,F,-,N,L,V,T,F,V,V,M,V,V,L,Y,A,H,I,F,G,Y,V,R,Q,R,T,M,R,M,S,-,-,-,-,-,-,-,-,G,P,R,R,N,R,D,T,M,M,S,L,L,K,T,V,V,I,V,L,G,A,F,I,I,-,C,W,T,P,G,L,V,L,L,L,L,D,V,C,C,-,-,-,-,-,-,-,-,-,-,-,-,-,-,-,-,-,-,-,-,-,-,-,D,V,L,A,Y,E,K,F,F,L,L,L,A,E,F,-,N,S,A,M,N,P,I,I,-,Y,S,Y,R,-,-,-,-,-,-
[Human] S1P1 receptor,-,-,-,-,-,-,-,-,-,-,E,N,S,I,K,L,T,S,V,V,F,I,L,-,I,C,C,F,I,I,L,E,N,I,F,V,L,L,T,I,W,K,T,-,-,-,-,-,-,-,R,P,M,Y,Y,F,I,G,N,L,A,L,S,D,L,L,A,G,V,-,A,Y,T,A,N,L,L,L,-,-,-,-,-,-,-,-,-,T,P,A,Q,W,F,L,R,E,G,S,M,F,V,A,L,S,A,S,V,F,S,L,L,A,I,A,I,E,R,Y,I,T,M,L,K,-,-,-,-,N,F,R,L,F,L,L,I,S,A,C,-,W,V,I,S,L,I,L,G,G,L,P,I,M,G,-,-,-,-,-,-,-,-,-,-,-,-,H,K,H,Y,I,L,-,F,-,C,T,T,V,-,F,T,L,L,L,L,S,I,V,I,L,Y,C,R,I,Y,S,L,V,R,T,R,S,R,R,L,T,-,-,-,-,-,-,-,-,-,-,S,R,S,S,E,K,S,L,A,L,L,K,T,V,I,I,V,L,S,V,F,I,A,-,C,W,A,P,L,F,I,L,L,L,L,D,V,G,C,-,-,-,-,-,-,-,-,-,-,-,-,-,-,-,-,-,-,-,-,-,-,-,D,I,L,F,R,A,E,Y,F,L,V,L,A,V,L,-,N,S,G,T,N,P,I,I,-,Y,T,L,T,-,-,-,-,-,-
[Human] CB1 receptor,-,-,-,-,-,-,-,-,-,-,P,S,Q,Q,L,A,I,A,V,L,S,L,T,-,L,G,T,F,T,V,L,E,N,L,L,V,L,C,V,I,L,H,S,-,-,-,-,-,-,-,R,P,S,Y,H,F,I,G,S,L,A,V,A,D,L,L,G,S,V,-,I,F,V,Y,S,F,I,D,F,H,V,-,-,-,-,-,-,S,R,N,V,F,L,F,K,L,G,G,V,T,A,S,F,T,A,S,V,G,S,L,F,L,T,A,I,D,R,Y,I,S,I,H,R,-,-,-,-,R,P,K,A,V,V,A,F,C,L,M,-,W,T,I,A,I,V,I,A,V,L,P,L,L,G,-,-,-,-,-,-,-,-,-,-,-,-,D,E,T,Y,L,M,-,F,-,W,I,G,V,-,T,S,V,L,L,L,F,I,V,Y,A,Y,M,Y,I,L,W,K,A,H,S,H,A,V,R,M,I,Q,R,G,-,-,-,-,-,-,-,P,D,Q,A,R,M,D,I,R,L,A,K,T,L,V,L,I,L,V,V,L,I,I,-,C,W,G,P,L,L,A,I,M,V,Y,D,V,F,G,-,-,-,-,-,-,-,-,-,-,-,-,-,-,-,-,-,-,-,-,-,-,K,L,I,K,T,V,F,A,F,C,S,M,L,C,L,L,-,N,S,T,V,N,P,I,I,-,Y,A,L,R,-,-,-,-,-,-
[Human] A2A receptor,-,-,-,-,-,-,-,-,-,P,I,M,G,S,S,V,Y,I,T,V,E,L,A,-,I,A,V,L,A,I,L,G,N,V,L,V,C,W,A,V,W,L,N,-,-,-,-,-,-,-,N,V,T,N,Y,F,V,V,S,L,A,A,A,D,I,A,V,G,V,L,A,I,P,F,A,I,T,I,S,T,G,-,-,-,-,-,-,A,C,H,G,C,L,F,I,A,C,F,V,L,V,L,T,Q,S,S,I,F,S,L,L,A,I,A,I,D,R,Y,I,A,I,R,I,-,-,-,-,G,T,R,A,K,G,I,I,A,I,C,-,W,V,L,S,F,A,I,G,L,T,P,M,L,G,-,-,-,-,-,-,-,-,-,-,-,-,P,M,N,Y,M,V,Y,F,-,N,F,F,A,C,V,L,V,P,L,L,L,M,L,G,V,Y,L,R,I,F,L,A,A,R,R,Q,L,K,Q,M,E,S,-,-,-,-,-,-,E,R,A,R,S,T,L,Q,K,E,V,H,A,A,K,S,L,A,I,I,V,G,L,F,A,L,-,C,W,L,P,L,H,I,I,N,C,F,T,F,F,C,-,-,-,-,-,-,-,-,-,-,-,-,-,-,-,-,-,-,-,-,-,-,-,-,P,L,W,L,M,Y,L,A,I,V,L,S,H,T,-,N,S,V,V,N,P,F,I,-,Y,A,Y,R,-,-,-,-,-,-
[Human] P2Y1 receptor,-,-,-,-,-,-,-,-,-,-,-,F,Q,F,Y,Y,L,P,A,V,Y,I,L,-,V,F,I,I,G,F,L,G,N,S,V,A,I,W,M,F,V,F,H,-,-,-,-,-,-,-,S,G,I,S,V,Y,M,F,N,L,A,L,A,D,F,L,Y,V,L,-,T,L,P,A,L,I,F,Y,Y,F,N,-,-,-,-,-,-,G,D,A,M,C,K,L,Q,R,F,I,F,H,V,N,L,Y,G,S,I,L,F,L,T,C,I,S,A,H,R,Y,S,G,V,V,Y,-,-,-,-,K,K,N,A,I,C,I,S,V,L,V,-,W,L,I,V,V,V,A,I,S,P,I,L,F,Y,S,-,-,-,-,-,-,-,-,L,R,S,Y,F,I,Y,S,M,-,C,-,T,T,V,A,M,F,C,V,P,L,V,L,I,L,G,C,Y,G,L,I,V,R,A,L,I,Y,K,-,-,-,-,-,-,-,-,-,-,-,-,-,-,-,-,-,-,-,-,P,L,R,R,K,S,I,Y,L,V,I,I,V,L,T,V,F,A,V,S,Y,I,P,F,H,V,M,K,T,M,N,L,R,A,R,L,D,-,-,-,-,-,-,-,-,-,-,-,-,-,-,M,C,A,F,N,D,R,V,Y,A,T,Y,Q,V,T,R,G,L,A,S,L,-,N,S,C,V,D,P,I,L,-,Y,F,L,A,-,-,-,-,-,-
[Human] P2Y12 receptor,-,-,-,-,-,-,-,-,-,Y,K,I,T,Q,V,L,F,P,L,L,Y,T,V,-,L,F,F,V,G,L,I,T,N,G,L,A,M,R,I,F,F,Q,I,-,-,-,-,-,-,-,S,N,F,I,I,F,L,K,N,T,V,I,S,D,L,L,M,I,L,-,T,F,P,F,K,I,L,S,D,A,K,-,-,-,G,P,L,R,T,F,V,C,Q,V,T,S,V,I,F,Y,F,T,M,Y,I,S,I,S,F,L,G,L,I,T,I,D,R,Y,Q,K,T,T,R,-,-,-,-,L,L,G,A,K,I,L,S,V,V,I,-,W,A,F,M,F,L,L,S,L,P,N,M,I,L,T,-,-,-,-,-,E,F,G,L,V,W,H,E,I,V,N,Y,-,I,-,C,Q,V,I,-,F,W,I,N,F,L,I,V,I,V,C,Y,T,L,I,T,K,E,L,Y,R,S,Y,V,R,T,-,-,-,-,-,-,-,-,-,-,-,-,-,-,-,-,-,P,R,K,K,V,N,V,K,V,F,I,I,I,A,V,F,F,I,C,F,V,P,F,H,F,A,R,I,P,Y,T,L,S,Q,T,R,-,-,-,-,-,-,-,-,-,-,-,-,-,-,D,C,T,A,E,N,T,L,F,Y,V,K,E,S,T,L,W,L,T,S,L,-,N,A,C,L,D,P,F,I,-,Y,F,F,L,-,-,-,-,-,-
[Bovine] Rhodopsin,-,-,-,-,-,-,-,-,-,-,P,W,Q,F,S,M,L,A,A,Y,M,F,L,-,L,I,M,L,G,F,P,I,N,F,L,T,L,Y,V,T,V,Q,H,-,-,-,-,-,-,-,T,P,L,N,Y,I,L,L,N,L,A,V,A,D,L,F,M,V,F,G,G,F,T,T,T,L,Y,T,S,L,H,-,-,-,-,-,-,G,P,T,G,C,N,L,E,G,F,F,A,T,L,G,G,E,I,A,L,W,S,L,V,V,L,A,I,E,R,Y,V,V,V,C,K,-,-,-,-,E,N,H,A,I,M,G,V,A,F,T,-,W,V,M,A,L,A,C,A,A,P,P,L,V,-,-,-,-,-,-,-,-,-,-,-,-,N,N,E,S,F,V,I,-,Y,-,M,F,V,V,H,F,I,I,P,L,I,V,I,F,F,C,Y,G,Q,L,V,F,T,V,K,E,A,A,A,Q,Q,-,-,-,-,-,-,-,-,-,-,-,A,T,T,Q,K,A,E,K,E,V,T,R,M,V,I,I,M,V,I,A,F,L,I,-,C,W,L,P,Y,A,G,V,A,F,Y,I,F,T,H,-,-,-,-,-,-,-,-,-,-,-,-,-,-,-,-,-,-,-,-,-,-,-,-,G,P,I,F,M,T,I,P,A,F,F,A,K,T,-,S,A,V,Y,N,P,V,I,-,Y,I,M,M,-,-,-,-,-,-
[Human] Rhodopsin,-,-,-,-,-,-,-,-,-,-,P,W,Q,F,S,M,L,A,A,Y,M,F,L,-,L,I,V,L,G,F,P,I,N,F,L,T,L,Y,V,T,V,Q,H,-,-,-,-,-,-,-,T,P,L,N,Y,I,L,L,N,L,A,V,A,D,L,F,M,V,L,G,G,F,T,S,T,L,Y,T,S,L,H,-,-,-,-,-,-,G,P,T,G,C,N,L,E,G,F,F,A,T,L,G,G,E,I,A,L,W,S,L,V,V,L,A,I,E,R,Y,V,V,V,C,K,-,-,-,-,E,N,H,A,I,M,G,V,A,F,T,-,W,V,M,A,L,A,C,A,A,P,P,L,A,-,-,-,-,-,-,-,-,-,-,-,-,N,N,E,S,F,V,I,-,Y,-,M,F,V,V,H,F,T,I,P,M,I,I,I,F,F,C,Y,G,Q,L,V,F,T,V,K,E,A,A,A,Q,Q,-,-,-,-,-,-,-,-,-,-,-,A,T,T,Q,K,A,E,K,E,V,T,R,M,V,I,I,M,V,I,A,F,L,I,-,C,W,V,P,Y,A,S,V,A,F,Y,I,F,T,H,-,-,-,-,-,-,-,-,-,-,-,-,-,-,-,-,-,-,-,-,-,-,-,-,G,P,I,F,M,T,I,P,A,F,F,A,K,S,-,A,A,I,Y,N,P,V,I,-,Y,I,M,M,-,-,-,-,-,-
[Japanese flying squid] Rhodopsin,-,-,-,-,-,-,-,-,-,-,D,A,V,Y,Y,S,L,G,I,F,I,G,I,-,C,G,I,I,G,C,G,G,N,G,I,V,I,Y,L,F,T,K,T,-,-,-,-,-,-,-,T,P,A,N,M,F,I,I,N,L,A,F,S,D,F,T,F,S,L,-,V,N,G,F,P,L,M,T,I,S,C,F,L,K,-,-,-,G,F,A,A,C,K,V,Y,G,F,I,G,G,I,F,G,F,M,S,I,M,T,M,A,M,I,S,I,D,R,Y,N,V,I,G,R,-,-,-,-,H,R,R,A,F,I,M,I,I,F,V,-,W,L,W,S,V,L,W,A,I,G,P,I,F,-,-,-,-,-,-,-,-,-,-,D,S,T,T,R,S,N,I,L,-,C,-,M,F,I,L,G,F,F,G,P,I,L,I,I,F,F,C,Y,F,N,I,V,M,S,V,S,N,H,E,K,E,M,A,A,M,A,K,K,E,L,R,K,A,Q,A,G,A,N,A,E,M,R,L,A,K,I,S,I,V,I,V,S,Q,F,L,L,-,S,W,S,P,Y,A,V,V,A,L,L,A,Q,F,G,-,-,-,-,-,-,-,-,-,-,-,-,-,-,-,-,-,-,-,-,-,-,-,-,T,P,Y,A,A,Q,L,P,V,M,F,A,K,A,-,S,A,I,H,N,P,M,I,-,Y,S,V,S,-,-,-,-,-,-
[strain AD169] US28,-,-,-,-,-,-,T,D,V,L,N,Q,S,K,P,V,T,L,F,L,Y,G,V,-,V,F,L,F,G,S,I,G,N,F,L,V,I,F,T,I,T,W,R,-,-,-,-,-,-,-,C,S,G,D,V,Y,F,I,N,L,A,A,A,D,L,L,F,V,C,-,T,L,P,L,W,M,Q,Y,L,L,D,-,-,-,-,-,-,-,-,-,P,C,T,L,L,T,A,C,F,Y,V,A,M,F,A,S,L,C,F,I,T,E,I,A,L,D,R,Y,Y,A,I,V,Y,-,-,-,-,V,K,Q,A,C,L,F,S,I,F,W,-,W,I,F,A,V,I,I,A,-,I,P,H,F,M,V,-,-,-,-,-,-,-,-,V,S,Y,P,I,I,L,N,V,-,E,-,L,M,L,G,A,F,V,I,P,L,S,V,I,S,Y,C,Y,Y,R,I,S,R,I,V,A,V,S,-,-,-,-,-,-,-,-,-,-,-,-,-,-,-,-,-,-,-,-,H,K,G,R,I,V,R,V,L,I,A,V,V,L,V,F,I,I,-,F,W,L,P,Y,H,L,T,L,F,V,D,T,L,K,L,L,K,-,-,-,-,-,-,-,-,-,-,-,-,-,-,S,C,E,F,E,R,S,L,K,R,A,L,I,L,T,E,S,L,A,F,C,-,H,C,C,L,N,P,L,L,-,Y,V,F,V,-,-,-,-,-,-
[Human] CRF1 receptor,Q,E,I,L,N,E,E,K,K,S,K,V,H,Y,H,V,A,V,I,I,N,Y,L,-,G,H,C,I,S,L,V,A,L,L,V,A,F,V,L,F,L,R,L,-,-,-,-,-,-,-,C,L,R,N,I,I,H,W,N,L,I,S,A,F,I,L,R,N,A,-,T,W,F,V,V,Q,L,T,-,-,-,-,-,-,-,-,-,-,-,G,W,C,R,L,V,T,A,A,Y,N,Y,F,H,V,T,N,F,F,W,M,F,G,E,G,C,Y,L,H,T,A,I,V,L,-,-,-,-,-,-,L,R,K,W,M,F,I,C,I,G,W,G,-,V,P,F,P,I,I,V,A,W,A,I,G,K,L,Y,Y,D,-,-,-,-,-,-,-,-,-,T,D,Y,-,I,-,Y,Q,G,P,-,M,I,L,V,L,L,I,N,F,I,F,L,F,N,I,V,R,I,L,M,T,K,L,-,-,-,-,-,-,-,-,-,-,-,-,-,-,-,S,E,T,I,Q,Y,R,K,A,V,K,A,T,L,V,L,L,P,L,L,G,I,-,T,Y,M,L,F,F,V,-,-,-,-,-,-,-,-,-,-,-,-,-,-,-,-,-,-,-,-,-,-,-,-,-,-,-,-,-,-,V,S,R,V,V,F,I,Y,F,N,S,F,L,E,S,F,-,Q,G,F,F,V,S,V,F,-,Y,C,F,L,-,-,-,-,-,-
[Human] glucagon receptor,G,E,E,I,E,V,Q,K,E,V,A,K,M,Y,S,S,F,Q,V,M,Y,T,V,-,G,Y,S,L,S,L,G,A,L,L,L,A,L,A,I,L,G,G,L,-,-,-,-,-,-,-,C,T,R,N,A,I,H,A,N,L,F,A,S,F,V,L,K,A,S,-,S,V,L,V,I,D,G,L,L,R,-,-,-,-,S,D,G,A,V,A,G,C,R,V,A,A,V,F,M,Q,Y,G,I,V,A,N,Y,C,W,L,L,V,E,G,L,Y,L,H,N,L,L,G,L,-,-,-,-,-,S,F,F,S,L,Y,L,G,I,G,-,W,G,A,P,M,L,F,V,V,P,W,A,V,V,K,C,L,F,E,-,-,-,-,-,-,-,-,N,M,G,F,W,-,W,I,L,R,F,P,-,V,F,L,A,I,L,I,N,F,F,I,F,V,R,I,V,Q,L,L,V,A,K,L,R,A,-,-,-,-,-,-,-,-,-,-,-,-,-,-,-,-,-,Y,K,F,R,L,A,K,S,T,L,T,L,I,P,L,L,G,V,-,H,E,V,V,F,A,F,-,-,-,-,-,-,-,-,-,-,-,-,-,-,-,-,-,-,-,-,-,-,-,-,-,-,-,-,Q,G,T,L,R,S,A,K,L,F,F,D,L,F,L,S,S,F,-,Q,G,L,L,V,A,V,L,-,Y,C,F,L,-,-,-,-,-,-
[Human] mGlu1 receptor,-,-,-,-,-,-,-,-,-,-,-,-,-,-,-,I,E,S,I,I,A,I,A,-,F,S,C,L,G,I,L,V,T,L,F,V,T,L,I,F,V,L,Y,-,-,-,-,-,-,-,-,-,S,R,E,L,C,Y,I,I,L,A,G,I,F,L,G,Y,V,-,C,P,F,T,L,I,-,-,-,-,-,-,-,-,-,-,-,-,T,T,S,C,Y,L,Q,R,L,L,V,G,L,S,S,A,M,C,Y,S,A,L,V,T,K,T,N,R,I,A,R,I,L,-,-,-,-,-,-,A,W,A,Q,V,I,I,A,S,I,L,-,I,S,V,Q,L,T,L,V,V,T,L,I,I,M,E,-,-,-,-,-,-,-,-,-,-,-,-,N,L,G,V,V,-,A,-,P,L,G,Y,-,N,G,L,L,I,M,S,C,T,Y,Y,A,F,K,T,-,-,-,-,-,-,-,-,-,-,-,-,-,-,-,-,-,-,-,-,-,-,-,-,-,-,-,-,-,-,-,E,A,K,Y,I,A,F,T,M,Y,T,T,C,I,-,I,W,L,A,F,V,P,I,Y,F,G,-,-,-,-,-,-,-,-,-,-,-,-,-,-,-,-,-,-,-,-,-,-,-,-,-,-,-,-,-,-,-,-,K,I,I,T,T,C,F,A,V,S,L,S,V,T,V,A,L,G,C,M,F,T,P,K,M,Y,I,I,I,A
[Human] mGlu5 receptor,-,-,-,-,-,-,-,-,-,-,-,-,-,-,-,P,E,P,I,A,A,V,V,-,F,A,C,L,G,L,L,A,T,L,F,V,T,V,V,F,I,I,Y,-,-,-,-,-,-,-,-,-,S,R,E,L,C,Y,I,I,L,A,G,I,C,L,G,Y,L,-,C,T,F,C,L,I,-,-,-,-,-,-,-,-,-,-,-,-,Q,I,Y,C,Y,L,Q,R,I,G,I,G,L,S,P,A,M,S,Y,S,A,L,V,T,K,T,N,R,I,A,R,I,L,-,-,-,-,-,-,A,C,A,Q,L,V,I,A,F,I,L,-,I,C,I,Q,L,G,I,I,V,A,L,F,I,M,E,-,-,-,-,-,-,-,-,-,-,-,-,N,L,G,V,V,-,T,-,P,L,G,Y,-,N,G,L,L,I,L,S,C,T,F,Y,A,F,K,T,-,-,-,-,-,-,-,-,-,-,-,-,-,-,-,-,-,-,-,-,-,-,-,-,-,-,-,-,-,-,-,E,A,K,Y,I,A,F,T,M,Y,T,T,C,I,-,I,W,L,A,F,V,P,I,Y,F,G,-,-,-,-,-,-,-,-,-,-,-,-,-,-,-,-,-,-,-,-,-,-,-,-,-,-,-,-,-,-,-,-,K,I,I,T,M,C,F,S,V,S,L,S,A,T,V,A,L,G,C,M,F,V,P,K,V,Y,I,I,L,A
[Human] SMO,-,-,-,-,-,-,-,-,-,-,E,A,E,H,Q,D,M,H,S,Y,I,A,A,-,F,G,A,V,T,G,L,C,T,L,F,T,L,A,T,F,V,A,D,-,-,-,-,-,-,-,-,-,R,Y,P,A,V,I,L,F,Y,V,N,A,C,F,F,V,G,-,S,I,G,W,L,A,Q,F,-,-,-,-,-,-,-,-,-,-,-,L,S,C,V,I,I,F,V,I,V,Y,Y,A,L,M,A,G,V,V,W,F,V,V,L,T,Y,A,W,H,T,S,F,K,A,L,G,T,L,S,G,K,T,S,Y,F,H,L,L,T,-,W,S,L,P,F,V,L,T,V,A,I,L,A,V,-,-,-,-,-,-,-,-,-,-,-,-,-,Y,R,Y,R,A,-,G,F,V,L,A,P,-,I,G,L,V,L,I,V,G,G,Y,F,L,I,R,G,V,M,T,L,F,S,I,K,S,N,H,-,-,-,-,-,-,-,-,-,-,-,-,S,K,I,N,E,T,M,L,R,L,G,I,F,G,F,L,A,F,G,F,V,L,-,I,T,F,S,C,H,F,Y,D,F,F,N,Q,A,E,W,E,R,S,F,R,D,Y,V,L,C,Q,A,N,V,T,I,-,-,-,-,-,-,-,-,-,-,-,-,L,L,V,E,K,I,N,L,F,A,M,F,G,T,G,I,A,M,-,S,T,W,V,W,-,-,-,-,-
CONSENSUS,+,E,+,+,+,R,E,E,+,S,+,+,Q,K,V,L,I,+,A,L,Y,S,L,M,V,F,+,V,G,L,L,G,N,L,L,V,I,+,+,I,V,R,N,A,R,L,R,S,L,Q,T,V,T,N,Y,F,I,L,N,L,A,L,A,D,L,L,V,G,L,L,T,L,P,F,+,L,L,Y,+,L,M,+,L,K,+,+,+,G,N,A,L,C,K,L,+,L,S,I,D,Y,V,N,M,+,A,S,I,F,T,L,+,V,I,S,I,D,R,Y,I,A,+,C,H,L,G,T,+,P,K,R,A,K,V,I,I,V,A,I,G,W,V,L,S,F,+,L,+,V,P,P,I,L,M,G,Q,+,F,V,G,+,F,+,D,Y,W,N,+,+,Y,T,I,Y,C,+,T,F,I,V,A,F,Y,L,P,L,L,I,I,T,V,C,Y,G,R,I,+,R,A,L,+,S,R,A,R,K,M,A,+,+,+,K,K,E,+,+,A,S,R,E,K,+,R,R,E,R,K,A,A,K,T,L,L,I,I,V,L,A,F,I,L,I,C,W,L,P,Y,H,I,+,V,L,V,N,T,F,C,L,L,R,+,F,R,D,Y,V,L,C,Q,A,N,V,T,I,D,C,E,F,+,+,T,V,L,A,+,+,T,+,T,I,W,L,G,Y,V,L,N,S,C,L,N,P,I,I,M,Y,A,F,L,+,Y,I,I,+,A